{"type":"FeatureCollection","features":[{"type":"Feature","properties":{"region":"fl","kind":"ocean"},"geometry":{"type":"Polygon","coordinates":[[[-83.6,24.4],[-79.4,24.4],[-79.4,28.3],[-83.6,28.3],[-83.6,24.4]],[[-83.9,28.6],[-83.9,24.1],[-83.9,28.6],[-82.64829,28.6],[-82.6505,28.54365],[-82.6608,28.51374],[-82.66308,28.5019],[-82.66421,28.44794],[-82.6859,28.41429],[-82.68472,28.40693],[-82.68472,28.40078],[-82.69669,28.38886],[-82.73253,28.30459],[-82.72549,28.30671],[-82.72265,28.30825],[-82.71886,28.31143],[-82.71679,28.29833],[-82.72492,28.28417],[-82.74621,28.25617],[-82.75381,28.22797],[-82.75992,28.21467],[-82.77351,28.20156],[-82.78283,28.20702],[-82.78734,28.19375],[-82.78848,28.17402],[-82.78775,28.16055],[-82.78246,28.13544],[-82.77668,28.12031],[-82.76732,28.1059],[-82.77623,28.09683],[-82.77904,28.0847],[-82.78034,28.05817],[-82.80224,27.96662],[-82.83556,27.88618],[-82.84073,27.9007],[-82.83849,27.9182],[-82.83137,27.93513],[-82.82189,27.94831],[-82.83202,27.9394],[-82.84317,27.92544],[-82.85228,27.90819],[-82.85607,27.88996],[-82.85391,27.87035],[-82.84455,27.84186],[-82.8424,27.82852],[-82.82852,27.805],[-82.76749,27.75153],[-82.75365,27.71865],[-82.75056,27.70209],[-82.74254,27.67975],[-82.73131,27.66205],[-82.71886,27.65965],[-82.71801,27.67206],[-82.72468,27.69408],[-82.73937,27.72858],[-82.75133,27.74657],[-82.8107,27.80443],[-82.81884,27.81818],[-82.81509,27.83222],[-82.79597,27.81533],[-82.75719,27.78767],[-82.73937,27.76952],[-82.72151,27.7451],[-82.70922,27.73843],[-82.68786,27.73603],[-82.68602,27.73163],[-82.68708,27.70987],[-82.68472,27.70124],[-82.67927,27.69684],[-82.67247,27.69505],[-82.65404,27.69505],[-82.63777,27.70112],[-82.62658,27.71581],[-82.62312,27.73404],[-82.63012,27.75031],[-82.61791,27.78099],[-82.61644,27.7875],[-82.61364,27.79271],[-82.60017,27.80793],[-82.59602,27.81794],[-82.59581,27.82998],[-82.60131,27.85114],[-82.60285,27.86298],[-82.57079,27.87983],[-82.56188,27.88618],[-82.60473,27.8815],[-82.64322,27.89476],[-82.68025,27.91413],[-82.71886,27.9278],[-82.70275,27.94473],[-82.65685,27.95624],[-82.6444,27.96874],[-82.6813,27.96874],[-82.69034,27.97085],[-82.69054,27.97553],[-82.68472,27.98306],[-82.68415,27.98729],[-82.67911,27.99844],[-82.67789,28.00629],[-82.6798,28.01325],[-82.68834,28.029],[-82.69099,28.03767],[-82.65062,28.00292],[-82.65095,28.01325],[-82.65062,28.01655],[-82.6444,28.01655],[-82.63622,28.0058],[-82.62352,27.99653],[-82.59602,27.98306],[-82.59602,27.97557],[-82.61644,27.96874],[-82.61644,27.96133],[-82.58495,27.96064],[-82.55883,27.9558],[-82.54113,27.94278],[-82.53454,27.91722],[-82.54092,27.8688],[-82.53962,27.84398],[-82.52709,27.82477],[-82.5183,27.82266],[-82.48274,27.82136],[-82.4781,27.83128],[-82.47981,27.8415],[-82.48615,27.85578],[-82.48485,27.89256],[-82.4807,27.90843],[-82.47183,27.92036],[-82.45116,27.93073],[-82.43375,27.92914],[-82.42174,27.91718],[-82.41246,27.87572],[-82.39269,27.83405],[-82.38996,27.8111],[-82.39818,27.79605],[-82.43049,27.76374],[-82.43773,27.75336],[-82.46565,27.73603],[-82.47037,27.72932],[-82.48615,27.70124],[-82.49307,27.69709],[-82.50219,27.6944],[-82.51012,27.6894],[-82.51342,27.67768],[-82.51667,27.66991],[-82.54418,27.65005],[-82.55744,27.62962],[-82.56461,27.60895],[-82.57457,27.59073],[-82.59602,27.5777],[-82.59187,27.56835],[-82.58918,27.56468],[-82.60119,27.5539],[-82.60342,27.55292],[-82.6057,27.55288],[-82.61132,27.55484],[-82.61514,27.55581],[-82.61779,27.55256],[-82.62267,27.54418],[-82.6042,27.55109],[-82.60098,27.55239],[-82.58821,27.5572],[-82.57242,27.55952],[-82.5786,27.54731],[-82.59203,27.53848],[-82.62141,27.5312],[-82.63695,27.52375],[-82.62255,27.52131],[-82.61042,27.51716],[-82.59948,27.51118],[-82.58918,27.50324],[-82.6105,27.5021],[-82.6363,27.5139],[-82.66076,27.52033],[-82.67789,27.50324],[-82.67178,27.49689],[-82.66491,27.49242],[-82.6577,27.49152],[-82.65062,27.49584],[-82.6444,27.49584],[-82.64367,27.48574],[-82.6455,27.47663],[-82.65014,27.46865],[-82.65746,27.46166],[-82.66837,27.47163],[-82.69481,27.4829],[-82.70523,27.48957],[-82.71052,27.4975],[-82.7257,27.53059],[-82.73253,27.53059],[-82.72916,27.51472],[-82.70983,27.46939],[-82.69839,27.45482],[-82.68273,27.44872],[-82.64542,27.44294],[-82.60676,27.41706],[-82.58788,27.40819],[-82.57364,27.39509],[-82.56273,27.34683],[-82.5419,27.30854],[-82.54076,27.28351],[-82.5476,27.28351],[-82.55089,27.2895],[-82.55407,27.29243],[-82.55761,27.29438],[-82.56188,27.2978],[-82.56184,27.27627],[-82.54918,27.25658],[-82.53262,27.23688],[-82.52086,27.21528],[-82.51342,27.21528],[-82.51342,27.22891],[-82.50316,27.22236],[-82.49633,27.21149],[-82.49299,27.19721],[-82.49299,27.18049],[-82.4982,27.18525],[-82.50182,27.19033],[-82.50658,27.20161],[-82.50088,27.17902],[-82.4772,27.13752],[-82.46715,27.10204],[-82.37662,26.94033],[-82.37003,26.9204],[-82.36596,26.91682],[-82.36099,26.91328],[-82.34895,26.90681],[-82.35363,26.92211],[-82.36693,26.94562],[-82.37003,26.96137],[-82.34293,26.93488],[-82.31383,26.84935],[-82.2838,26.831],[-82.27457,26.83072],[-82.26765,26.82958],[-82.25341,26.82486],[-82.24551,26.8205],[-82.23607,26.81208],[-82.22916,26.81053],[-82.22322,26.81167],[-82.22045,26.81395],[-82.21862,26.81631],[-82.21548,26.81737],[-82.21076,26.81509],[-82.20108,26.805],[-82.19811,26.80313],[-82.19188,26.80707],[-82.18432,26.81428],[-82.17858,26.82128],[-82.17764,26.82486],[-82.16902,26.81411],[-82.1656,26.78579],[-82.15656,26.79003],[-82.15026,26.80317],[-82.15095,26.81802],[-82.1599,26.86225],[-82.17569,26.89924],[-82.18102,26.90681],[-82.18733,26.91315],[-82.20128,26.94416],[-82.21178,26.95515],[-82.21923,26.94774],[-82.23021,26.95685],[-82.25914,26.98924],[-82.2709,27.00772],[-82.27383,27.01602],[-82.25329,27.00682],[-82.24201,26.99551],[-82.22232,26.96516],[-82.20739,26.96182],[-82.19099,26.96939],[-82.18073,26.97236],[-82.18444,26.95515],[-82.16609,26.93618],[-82.15518,26.92764],[-82.1503,26.93098],[-82.14452,26.94042],[-82.13199,26.94184],[-82.11994,26.94546],[-82.11559,26.96137],[-82.09268,26.95563],[-82.07457,26.95893],[-82.05744,26.96532],[-82.01684,26.97297],[-81.99511,26.99152],[-81.97838,26.99616],[-81.99083,26.96556],[-81.99641,26.95824],[-82.00573,26.9538],[-82.02758,26.94969],[-82.0775,26.92292],[-82.09699,26.90937],[-82.0985,26.89655],[-82.07811,26.88109],[-82.06456,26.87495],[-82.05704,26.86579],[-82.05476,26.84125],[-82.05687,26.81892],[-82.08129,26.7027],[-82.0821,26.68024],[-82.07726,26.66498],[-82.05968,26.62946],[-82.05476,26.61127],[-82.05614,26.58788],[-82.06127,26.57343],[-82.0631,26.56098],[-82.05476,26.54365],[-82.03905,26.5279],[-82.02668,26.52802],[-82.01277,26.53596],[-81.99267,26.54365],[-81.99267,26.52936],[-81.98323,26.53376],[-81.95979,26.53986],[-81.95173,26.54365],[-81.94774,26.5489],[-81.91759,26.62665],[-81.90673,26.64265],[-81.87389,26.67406],[-81.8546,26.68842],[-81.83812,26.69453],[-81.8192,26.69701],[-81.79532,26.7097],[-81.78038,26.71499],[-81.78454,26.70307],[-81.79011,26.69408],[-81.79768,26.68675],[-81.80773,26.68024],[-81.81798,26.68545],[-81.82917,26.68138],[-81.83812,26.67243],[-81.84187,26.66315],[-81.88557,26.62417],[-81.89708,26.61127],[-81.89306,26.58613],[-81.91177,26.55866],[-81.93847,26.53547],[-81.96573,26.51887],[-81.97004,26.51415],[-81.97448,26.51044],[-81.98209,26.50894],[-81.98925,26.5117],[-81.99596,26.52277],[-82.00011,26.52318],[-82.00617,26.51406],[-82.00886,26.49934],[-82.00866,26.48452],[-82.00634,26.4748],[-82.00011,26.48216],[-81.9947,26.47724],[-81.99157,26.47602],[-81.97838,26.48216],[-81.92374,26.4549],[-81.90331,26.4549],[-81.89867,26.45209],[-81.89403,26.4475],[-81.88732,26.44477],[-81.8828,26.44746],[-81.87849,26.45624],[-81.88244,26.48119],[-81.8828,26.49584],[-81.87584,26.48029],[-81.85595,26.44888],[-81.8487,26.43378],[-81.84386,26.41421],[-81.84187,26.35187],[-81.8487,26.35187],[-81.8487,26.35871],[-81.85554,26.35871],[-81.8518,26.34199],[-81.82213,26.29287],[-81.8214,26.28962],[-81.82136,26.28295],[-81.82754,26.24885],[-81.819,26.17031],[-81.80089,26.09862],[-81.79345,26.09862],[-81.79418,26.10961],[-81.79369,26.12018],[-81.79149,26.13019],[-81.78722,26.13959],[-81.77009,26.06778],[-81.75438,26.04206],[-81.72574,26.02228],[-81.73436,26.01276],[-81.73168,26.00064],[-81.72248,25.98908],[-81.7115,25.98135],[-81.70198,25.97923],[-81.67919,25.98184],[-81.66438,25.98135],[-81.6678,25.96971],[-81.6754,25.95624],[-81.68505,25.94501],[-81.69445,25.94038],[-81.70568,25.94571],[-81.71666,25.95596],[-81.72859,25.96271],[-81.74254,25.95746],[-81.73583,25.92837],[-81.732,25.92048],[-81.72224,25.91006],[-81.7185,25.90811],[-81.7115,25.90689],[-81.70531,25.90689],[-81.7058,25.91376],[-81.70031,25.91844],[-81.69787,25.92048],[-81.69445,25.92792],[-81.69103,25.93354],[-81.68432,25.92512],[-81.67431,25.91991],[-81.66242,25.9182],[-81.65005,25.92048],[-81.64037,25.92626],[-81.6328,25.94001],[-81.62271,25.94717],[-81.61742,25.93553],[-81.60741,25.92739],[-81.59642,25.92377],[-81.588,25.92609],[-81.58617,25.91983],[-81.58397,25.9173],[-81.58381,25.91437],[-81.588,25.90689],[-81.5799,25.90986],[-81.56823,25.91865],[-81.56408,25.92048],[-81.55529,25.91836],[-81.54157,25.90892],[-81.52107,25.90107],[-81.50951,25.89081],[-81.49877,25.8867],[-81.48559,25.8994],[-81.47521,25.89102],[-81.46215,25.8745],[-81.4508,25.86587],[-81.43834,25.86131],[-81.40905,25.85635],[-81.39615,25.85163],[-81.37214,25.83613],[-81.34846,25.81684],[-81.32934,25.79047],[-81.32169,25.7827],[-81.34797,25.76463],[-81.35725,25.75349],[-81.34472,25.74852],[-81.34024,25.74287],[-81.32836,25.71605],[-81.32169,25.70759],[-81.31314,25.7062],[-81.27953,25.70417],[-81.27843,25.68598],[-81.27473,25.67471],[-81.26647,25.66665],[-81.26671,25.65282],[-81.24596,25.61823],[-81.23542,25.57315],[-81.23168,25.56363],[-81.22004,25.55927],[-81.19726,25.56428],[-81.18765,25.56021],[-81.18611,25.55317],[-81.18993,25.54536],[-81.19595,25.53889],[-81.21467,25.52757],[-81.20344,25.508],[-81.17089,25.47484],[-81.15661,25.43635],[-81.15543,25.42658],[-81.15038,25.40595],[-81.14916,25.39541],[-81.14135,25.38475],[-81.09512,25.3513],[-81.05728,25.34447],[-81.05167,25.34223],[-81.03429,25.33246],[-80.99913,25.32705],[-80.98078,25.3183],[-80.92414,25.26358],[-80.91723,25.24575],[-80.92724,25.22407],[-80.94465,25.21231],[-80.9663,25.20685],[-80.98803,25.20751],[-81.00577,25.21418],[-81.00577,25.22036],[-81.00011,25.22207],[-80.99083,25.22614],[-80.98526,25.22777],[-80.98526,25.23461],[-81.06176,25.26423],[-81.0747,25.27245],[-81.07787,25.27285],[-81.09512,25.30353],[-81.10192,25.31171],[-81.11213,25.32075],[-81.12401,25.32795],[-81.1361,25.33023],[-81.12995,25.34447],[-81.14835,25.3312],[-81.16487,25.29808],[-81.17577,25.25902],[-81.17711,25.22777],[-81.16552,25.19725],[-81.14916,25.16572],[-81.10196,25.12474],[-81.08654,25.12141],[-81.03991,25.13158],[-80.99958,25.13508],[-80.96715,25.14155],[-80.92878,25.14216],[-80.91023,25.14525],[-80.8872,25.16836],[-80.88288,25.1695],[-80.85497,25.18622],[-80.84024,25.17341],[-80.81054,25.16779],[-80.81404,25.15949],[-80.81404,25.15209],[-80.80525,25.14912],[-80.80028,25.14838],[-80.79703,25.15131],[-80.79353,25.15949],[-80.78824,25.15396],[-80.78295,25.15062],[-80.77782,25.14826],[-80.77302,25.14525],[-80.77172,25.14985],[-80.76993,25.15278],[-80.76781,25.15546],[-80.76561,25.15949],[-80.75585,25.14875],[-80.73982,25.14378],[-80.72305,25.14313],[-80.71093,25.14525],[-80.69115,25.16275],[-80.67813,25.16787],[-80.66316,25.15949],[-80.65697,25.15949],[-80.65099,25.16787],[-80.6516,25.17402],[-80.65494,25.18057],[-80.65697,25.18993],[-80.65136,25.19306],[-80.61474,25.20051],[-80.61653,25.19603],[-80.61754,25.19554],[-80.61905,25.19575],[-80.62222,25.19367],[-80.60652,25.18867],[-80.59748,25.20344],[-80.59044,25.22533],[-80.58064,25.24144],[-80.5655,25.246],[-80.52526,25.24653],[-80.51232,25.24828],[-80.50837,25.24177],[-80.50715,25.23892],[-80.50617,25.23461],[-80.515,25.23306],[-80.5196,25.23078],[-80.52237,25.22679],[-80.52599,25.22036],[-80.5192,25.21719],[-80.51366,25.21284],[-80.50927,25.20722],[-80.50617,25.20051],[-80.48892,25.21035],[-80.46915,25.20808],[-80.45401,25.19526],[-80.45092,25.17316],[-80.44343,25.17316],[-80.44664,25.19359],[-80.45873,25.20917],[-80.47692,25.21857],[-80.49865,25.22036],[-80.4862,25.23334],[-80.46642,25.24177],[-80.4508,25.24299],[-80.45092,25.22777],[-80.43712,25.22337],[-80.41755,25.19741],[-80.4025,25.18622],[-80.40197,25.19554],[-80.41478,25.20685],[-80.42691,25.22175],[-80.42418,25.24144],[-80.423,25.25239],[-80.40591,25.27017],[-80.4025,25.27936],[-80.40062,25.28791],[-80.39586,25.2954],[-80.35074,25.34223],[-80.31432,25.37116],[-80.3131,25.38349],[-80.32042,25.39155],[-80.33292,25.39802],[-80.34105,25.40595],[-80.33373,25.42479],[-80.32567,25.43867],[-80.32946,25.44404],[-80.3365,25.44823],[-80.34105,25.45376],[-80.34431,25.47525],[-80.34244,25.49364],[-80.33397,25.51191],[-80.31745,25.5329],[-80.31135,25.54979],[-80.31041,25.59894],[-80.30687,25.61823],[-80.27758,25.64423],[-80.25691,25.68684],[-80.2552,25.71109],[-80.25162,25.72061],[-80.24071,25.72956],[-80.23095,25.73119],[-80.22126,25.73111],[-80.21068,25.73493],[-80.1962,25.75381],[-80.19546,25.79584],[-80.18273,25.82209],[-80.17658,25.85838],[-80.14061,25.90082],[-80.13244,25.90127],[-80.12926,25.88788],[-80.12877,25.86213],[-80.13557,25.81684],[-80.13557,25.7753],[-80.12877,25.7753],[-80.11278,26.06883],[-80.12877,26.09121],[-80.12877,26.09862],[-80.11213,26.11017],[-80.10265,26.13996],[-80.07771,26.28758],[-80.08092,26.30964],[-80.07506,26.3242],[-80.07315,26.34101],[-80.07413,26.37547],[-80.07189,26.39045],[-80.06208,26.42088],[-80.05362,26.55671],[-80.03808,26.55854],[-80.03238,26.58735],[-80.03454,26.71532],[-80.04052,26.74641],[-80.05362,26.76215],[-80.05362,26.7696],[-80.0384,26.78425],[-80.03824,26.81118],[-80.06432,26.90668],[-80.07071,26.91698],[-80.08031,26.92357],[-80.10241,26.92951],[-80.1151,26.93472],[-80.1151,26.9409],[-80.10338,26.94603],[-80.09154,26.94725],[-80.08129,26.95043],[-80.07413,26.96137],[-80.07555,26.97321],[-80.09459,27.00975],[-80.1151,27.06379],[-80.13927,27.10765],[-80.1424,27.12214],[-80.14879,27.13825],[-80.17699,27.1507],[-80.18334,27.16376],[-80.22126,27.20161],[-80.22899,27.20038],[-80.25162,27.19416],[-80.26016,27.19697],[-80.27595,27.20588],[-80.28303,27.20783],[-80.30842,27.23432],[-80.31432,27.24258],[-80.30101,27.24335],[-80.29271,27.23949],[-80.28649,27.23379],[-80.27961,27.22891],[-80.25723,27.21857],[-80.21715,27.20942],[-80.2058,27.20034],[-80.19701,27.18049],[-80.19782,27.19599],[-80.34537,27.51459],[-80.38097,27.66608],[-80.54111,27.98135],[-80.70124,28.29662],[-80.70881,28.32046],[-80.73827,28.37348],[-80.75683,28.43085],[-80.7661,28.45108],[-80.78966,28.54784],[-80.79353,28.58885],[-80.79579,28.6],[-80.71545,28.6],[-80.68395,28.5952],[-80.67504,28.59561],[-80.66316,28.59878],[-80.66294,28.6],[-80.6003,28.6],[-80.59431,28.58511],[-80.58707,28.54536],[-80.58788,28.50576],[-80.61791,28.37934],[-80.61994,28.20698],[-80.61067,28.16494],[-80.58064,28.08544],[-80.5216,27.99018],[-80.51232,27.95515],[-80.48233,27.92426],[-80.47818,27.91722],[-80.47501,27.9079],[-80.45092,27.86636],[-80.45189,27.90941],[-80.53234,28.01878],[-80.55329,28.06159],[-80.55663,28.07754],[-80.57112,28.10615],[-80.59219,28.20791],[-80.59683,28.26264],[-80.59431,28.28408],[-80.60171,28.29092],[-80.59472,28.30386],[-80.59406,28.4016],[-80.59089,28.40693],[-80.58275,28.41031],[-80.57527,28.41795],[-80.56969,28.42642],[-80.56762,28.43183],[-80.55842,28.43334],[-80.54044,28.45161],[-80.52823,28.4726],[-80.54308,28.4925],[-80.56762,28.55781],[-80.59457,28.6]],[[-80.40193,27.76415],[-80.42219,27.805],[-80.4298,27.84589],[-80.43273,27.84935],[-80.43554,27.85171],[-80.43725,27.85456],[-80.43725,27.85956],[-80.44457,27.85749],[-80.44742,27.85562],[-80.45092,27.85204],[-80.43847,27.83047],[-80.4099,27.7565],[-80.3911,27.72744],[-80.38878,27.71865],[-80.38679,27.70673],[-80.3778,27.68647],[-80.37291,27.65656],[-80.36583,27.64224],[-80.35676,27.62934],[-80.34781,27.61249],[-80.30687,27.46166],[-80.29406,27.42992],[-80.29259,27.4173],[-80.28954,27.41181],[-80.27587,27.40176],[-80.27278,27.3968],[-80.26895,27.38231],[-80.20816,27.26293],[-80.19762,27.22394],[-80.17732,27.20222],[-80.16291,27.17365],[-80.16723,27.19701],[-80.33764,27.60663],[-80.34105,27.62246],[-80.34276,27.64326],[-80.34724,27.66413],[-80.36148,27.70124],[-80.40193,27.76415]],[[-80.63199,28.19042],[-80.64859,28.22272],[-80.6407,28.20417],[-80.63801,28.19343],[-80.63646,28.18106],[-80.62902,28.18106],[-80.63199,28.19042]],[[-80.61217,28.56883],[-80.62902,28.59878],[-80.64293,28.59813],[-80.65551,28.59333],[-80.67748,28.57892],[-80.69864,28.56778],[-80.7047,28.56061],[-80.71093,28.54413],[-80.73229,28.54462],[-80.7399,28.51748],[-80.73742,28.48485],[-80.72834,28.46906],[-80.71963,28.38833],[-80.71471,28.36978],[-80.70018,28.34809],[-80.66495,28.25259],[-80.64977,28.22517],[-80.65148,28.23998],[-80.65901,28.25629],[-80.66796,28.27595],[-80.66999,28.2875],[-80.66893,28.29706],[-80.66421,28.31509],[-80.65819,28.43749],[-80.64953,28.47525],[-80.61848,28.53767],[-80.61217,28.56883]],[[-79.12942,25.98029],[-79.13105,25.98184],[-79.13101,25.97903],[-79.12942,25.98029]],[[-79.29385,25.72069],[-79.29157,25.73383],[-79.28624,25.74152],[-79.27904,25.74999],[-79.26553,25.76162],[-79.26171,25.75666],[-79.26871,25.7416],[-79.26696,25.73249],[-79.25463,25.73603],[-79.24804,25.73896],[-79.24592,25.73456],[-79.24323,25.74291],[-79.24608,25.76386],[-79.25007,25.77473],[-79.26106,25.77192],[-79.28034,25.75723],[-79.29381,25.73603],[-79.30126,25.71686],[-79.30427,25.70234],[-79.30065,25.69794],[-79.28917,25.69766],[-79.26183,25.69375],[-79.25805,25.69904],[-79.26814,25.7071],[-79.28331,25.7128],[-79.29385,25.72069]],[[-80.15831,25.67927],[-80.15608,25.73493],[-80.16291,25.73493],[-80.16601,25.72818],[-80.17007,25.72285],[-80.17569,25.71833],[-80.18334,25.71381],[-80.18334,25.70759],[-80.17886,25.70649],[-80.17614,25.70482],[-80.17357,25.70287],[-80.16975,25.70075],[-80.18033,25.69188],[-80.18179,25.6813],[-80.17561,25.67341],[-80.16291,25.67284],[-80.15831,25.67927]],[[-79.307,25.68911],[-79.30545,25.68871],[-79.30496,25.68964],[-79.30606,25.69066],[-79.307,25.68911]],[[-79.31371,25.60342],[-79.31265,25.60191],[-79.31257,25.60196],[-79.31216,25.60139],[-79.3109,25.602],[-79.31123,25.60375],[-79.31163,25.60354],[-79.31176,25.60427],[-79.31371,25.60342]],[[-79.30313,25.58401],[-79.29735,25.57172],[-79.2989,25.58173],[-79.30643,25.58588],[-79.30313,25.58401]],[[-81.75992,24.55622],[-81.75573,24.56245],[-81.75251,24.56989],[-81.7484,24.56411],[-81.7473,24.56444],[-81.74722,24.56757],[-81.74625,24.56989],[-81.7438,24.56464],[-81.74132,24.5607],[-81.73766,24.55781],[-81.732,24.55622],[-81.73371,24.56415],[-81.73668,24.56953],[-81.74087,24.57319],[-81.74625,24.57612],[-81.75251,24.57612],[-81.77294,24.55972],[-81.78038,24.55622],[-81.79125,24.55707],[-81.80187,24.56029],[-81.81029,24.55817],[-81.81456,24.54255],[-81.78441,24.54613],[-81.7694,24.5502],[-81.75992,24.55622]],[[-82.14879,24.54934],[-82.14912,24.55109],[-82.14953,24.55089],[-82.14965,24.55162],[-82.1516,24.55077],[-82.15054,24.54926],[-82.15046,24.5493],[-82.15005,24.54873],[-82.14879,24.54934]],[[-82.16275,24.54922],[-82.16112,24.55101],[-82.16364,24.55366],[-82.16519,24.55154],[-82.16275,24.54922]],[[-82.12829,24.5537],[-82.12877,24.55085],[-82.1188,24.55362],[-82.11376,24.55732],[-82.1184,24.55646],[-82.12829,24.5537]],[[-82.16417,24.5598],[-82.1643,24.56554],[-82.16535,24.56143],[-82.16417,24.5598]],[[-82.11156,24.57095],[-82.11046,24.5655],[-82.10774,24.57526],[-82.10961,24.58613],[-82.11937,24.59467],[-82.13174,24.59809],[-82.14293,24.59585],[-82.14574,24.59272],[-82.13996,24.59333],[-82.13476,24.59296],[-82.12792,24.58926],[-82.11962,24.58511],[-82.11156,24.57095]],[[-82.15331,24.57201],[-82.15502,24.57396],[-82.15551,24.57184],[-82.15331,24.57201]],[[-81.61693,24.60545],[-81.63646,24.59032],[-81.63646,24.58356],[-81.56505,24.60224],[-81.53083,24.61522],[-81.50601,24.63133],[-81.50601,24.63882],[-81.54011,24.67524],[-81.54699,24.68594],[-81.5502,24.68716],[-81.55321,24.68696],[-81.555,24.68818],[-81.55451,24.69343],[-81.56066,24.69343],[-81.56749,24.67231],[-81.55724,24.67113],[-81.55053,24.66877],[-81.54898,24.66494],[-81.55451,24.65925],[-81.55451,24.6518],[-81.53649,24.65302],[-81.52571,24.64789],[-81.52245,24.63793],[-81.52717,24.6245],[-81.53336,24.6245],[-81.53869,24.63646],[-81.55167,24.64435],[-81.58117,24.6518],[-81.57535,24.64492],[-81.56924,24.64004],[-81.55451,24.63133],[-81.56168,24.62275],[-81.56493,24.62116],[-81.56749,24.61766],[-81.5736,24.61371],[-81.59545,24.60399],[-81.60554,24.60956],[-81.61693,24.60545]],[[-82.87523,24.62425],[-82.87393,24.62572],[-82.87454,24.62962],[-82.87523,24.62425]],[[-82.86901,24.62881],[-82.86779,24.62808],[-82.86783,24.63158],[-82.86901,24.62881]],[[-82.92508,24.63052],[-82.92085,24.63308],[-82.92398,24.63605],[-82.92508,24.63052]],[[-82.8649,24.62698],[-82.86465,24.62425],[-82.86295,24.62657],[-82.8649,24.62698]],[[-82.85269,24.64716],[-82.85302,24.64895],[-82.85342,24.64875],[-82.85351,24.64944],[-82.85546,24.64859],[-82.85444,24.64708],[-82.85432,24.64712],[-82.85391,24.64655],[-82.85269,24.64716]],[[-81.51903,24.68732],[-81.52017,24.67406],[-81.5161,24.66547],[-81.51374,24.66328],[-81.51114,24.66132],[-81.50646,24.6601],[-81.50243,24.66267],[-81.49739,24.66397],[-81.49112,24.66226],[-81.48542,24.65697],[-81.48131,24.64985],[-81.47842,24.65412],[-81.47973,24.67251],[-81.48241,24.68325],[-81.48575,24.68651],[-81.49315,24.69212],[-81.50088,24.69526],[-81.50699,24.69587],[-81.51163,24.69843],[-81.515,24.69774],[-81.51903,24.68732]],[[-81.43029,24.75483],[-81.36425,24.6612],[-81.36266,24.63133],[-81.34057,24.64671],[-81.35546,24.68618],[-81.38768,24.72748],[-81.41731,24.74868],[-81.42463,24.74982],[-81.42748,24.75137],[-81.43029,24.75483]],[[-80.95556,24.76874],[-81.03307,24.72069],[-80.95889,24.74934],[-80.94433,24.76166],[-80.93212,24.76374],[-80.92789,24.76569],[-80.92382,24.76911],[-80.92382,24.77534],[-80.95556,24.76874]],[[-81.04064,24.72736],[-81.03991,24.73436],[-81.06143,24.73135],[-81.11559,24.71573],[-81.1361,24.70702],[-81.10391,24.70677],[-81.09276,24.70087],[-81.08772,24.68594],[-81.08251,24.69945],[-81.07616,24.70905],[-81.06713,24.71589],[-81.04369,24.72431],[-81.04064,24.72736]],[[-81.32946,24.70331],[-81.3369,24.7038],[-81.34089,24.7001],[-81.33788,24.6933],[-81.33471,24.68985],[-81.32551,24.68427],[-81.31778,24.67495],[-81.31554,24.67963],[-81.32067,24.69448],[-81.32946,24.70331]],[[-81.2775,24.65762],[-81.27603,24.65559],[-81.26635,24.66039],[-81.25837,24.66763],[-81.26024,24.6717],[-81.26521,24.67129],[-81.2775,24.65762]],[[-81.41063,24.65542],[-81.41759,24.65941],[-81.42447,24.65497],[-81.42174,24.65176],[-81.41478,24.64769],[-81.41063,24.65542]],[[-81.4414,24.65054],[-81.43932,24.66039],[-81.44221,24.67154],[-81.44807,24.68057],[-81.45543,24.68134],[-81.45739,24.67792],[-81.45385,24.67768],[-81.45543,24.67609],[-81.46198,24.67097],[-81.46068,24.66437],[-81.44909,24.65522],[-81.44685,24.65078],[-81.4414,24.65054]],[[-81.65461,24.59321],[-81.65685,24.59781],[-81.68391,24.59113],[-81.69579,24.59064],[-81.70531,24.59781],[-81.7115,24.59781],[-81.7163,24.59174],[-81.71833,24.58625],[-81.71695,24.58104],[-81.7115,24.57612],[-81.7115,24.56989],[-81.72159,24.55952],[-81.72574,24.55622],[-81.65005,24.57612],[-81.65461,24.59321]],[[-80.7871,24.826],[-80.78734,24.83055],[-80.79353,24.83055],[-80.79971,24.82526],[-80.80232,24.82689],[-80.80215,24.83369],[-80.80036,24.84357],[-80.84504,24.81436],[-80.85497,24.80329],[-80.81847,24.80581],[-80.80215,24.80988],[-80.79353,24.81688],[-80.78844,24.82294],[-80.7871,24.826]],[[-80.69933,24.87629],[-80.70084,24.88101],[-80.72106,24.86669],[-80.72973,24.86278],[-80.73599,24.85737],[-80.73835,24.85073],[-80.73355,24.85033],[-80.71825,24.85944],[-80.71085,24.86433],[-80.69933,24.87629]],[[-80.6175,24.93814],[-80.61852,24.94156],[-80.62548,24.93622],[-80.65713,24.90111],[-80.64696,24.90473],[-80.62621,24.92414],[-80.61775,24.93602],[-80.6175,24.93814]],[[-80.69571,24.90245],[-80.70039,24.9064],[-80.69957,24.90131],[-80.69571,24.90245]],[[-80.7836,24.93732],[-80.78808,24.94046],[-80.78417,24.93643],[-80.7836,24.93732]],[[-80.47126,25.07298],[-80.46451,25.08381],[-80.4536,25.081],[-80.44278,25.08641],[-80.36148,25.15949],[-80.36148,25.16572],[-80.36583,25.18122],[-80.35334,25.20555],[-80.32055,25.24828],[-80.29133,25.28262],[-80.28645,25.29267],[-80.28441,25.30044],[-80.27937,25.31224],[-80.27269,25.32368],[-80.26594,25.33023],[-80.26171,25.33242],[-80.25813,25.33515],[-80.25487,25.33902],[-80.25162,25.34447],[-80.27343,25.35261],[-80.2906,25.34276],[-80.31745,25.30695],[-80.33064,25.29955],[-80.36266,25.29218],[-80.36897,25.28612],[-80.36535,25.27481],[-80.35766,25.26935],[-80.35025,25.26284],[-80.34781,25.24828],[-80.35733,25.22736],[-80.39428,25.1909],[-80.4134,25.14741],[-80.45857,25.1562],[-80.46451,25.13841],[-80.45043,25.14354],[-80.43904,25.1398],[-80.43346,25.13028],[-80.43725,25.1186],[-80.44481,25.12206],[-80.4486,25.12214],[-80.44823,25.11856],[-80.44343,25.11115],[-80.45238,25.09919],[-80.46304,25.09398],[-80.48445,25.09125],[-80.48087,25.07844],[-80.48762,25.0666],[-80.51232,25.04287],[-80.52648,25.02167],[-80.53409,25.01659],[-80.55016,25.01488],[-80.55565,25.00902],[-80.56762,24.97394],[-80.57885,24.96988],[-80.59398,24.96662],[-80.60351,24.96113],[-80.59801,24.9501],[-80.5786,24.95026],[-80.55598,24.97093],[-80.51915,25.01488],[-80.48815,25.03946],[-80.48034,25.04979],[-80.47126,25.07298]],[[-80.72566,25.00056],[-80.73209,25.00194],[-80.73249,24.99543],[-80.72566,25.00056]],[[-80.75292,25.03282],[-80.75642,25.04149],[-80.75992,25.03791],[-80.75304,25.02794],[-80.75292,25.03282]],[[-80.86388,25.03189],[-80.8675,25.03461],[-80.86518,25.03103],[-80.86388,25.03189]],[[-80.64127,25.07856],[-80.64407,25.0845],[-80.64855,25.0819],[-80.64574,25.07587],[-80.64127,25.07856]],[[-80.64578,25.09703],[-80.64578,25.10419],[-80.64867,25.10806],[-80.65355,25.11091],[-80.65848,25.10956],[-80.65836,25.10676],[-80.6542,25.10281],[-80.65278,25.09719],[-80.64993,25.09585],[-80.64802,25.09272],[-80.64578,25.09703]],[[-80.66926,25.10204],[-80.67955,25.10326],[-80.66584,25.09577],[-80.66926,25.10204]],[[-80.49795,25.10114],[-80.49584,25.09829],[-80.48306,25.11074],[-80.47741,25.1114],[-80.48025,25.12515],[-80.48453,25.11563],[-80.49181,25.11013],[-80.4934,25.10607],[-80.49576,25.10509],[-80.49795,25.10114]],[[-80.63594,25.12259],[-80.64,25.13475],[-80.64082,25.13675],[-80.64464,25.13369],[-80.64558,25.12328],[-80.64188,25.11241],[-80.63744,25.1127],[-80.63594,25.12259]],[[-80.68021,25.12153],[-80.68452,25.12372],[-80.68578,25.11388],[-80.68285,25.11489],[-80.67915,25.11616],[-80.68021,25.12153]],[[-80.70759,25.12946],[-80.70596,25.13744],[-80.71304,25.13719],[-80.70759,25.12946]],[[-80.59423,25.17186],[-80.60176,25.17463],[-80.60578,25.17007],[-80.60261,25.16564],[-80.59114,25.1612],[-80.58764,25.16812],[-80.59423,25.17186]],[[-79.16971,25.32254],[-79.16971,25.32193],[-79.16881,25.32193],[-79.16845,25.32307],[-79.16971,25.32254]],[[-79.17337,25.31354],[-79.17097,25.31261],[-79.17097,25.31354],[-79.17337,25.31354]],[[-79.15506,25.27831],[-79.15412,25.27704],[-79.15372,25.27912],[-79.15506,25.27831]],[[-79.15327,25.2696],[-79.15038,25.26341],[-79.15071,25.27086],[-79.15327,25.2696]],[[-79.15461,25.23656],[-79.15347,25.23469],[-79.15311,25.23656],[-79.15461,25.23656]],[[-79.18843,25.36864],[-79.18985,25.37381],[-79.19221,25.37177],[-79.18843,25.36864]],[[-79.19962,25.39798],[-79.2021,25.39981],[-79.20234,25.39676],[-79.19962,25.39545],[-79.19962,25.39798]],[[-80.23119,25.40339],[-80.21691,25.41547],[-80.20348,25.43659],[-80.19392,25.45921],[-80.19017,25.48102],[-80.18847,25.48542],[-80.18659,25.49331],[-80.18822,25.49836],[-80.19701,25.4947],[-80.19994,25.48981],[-80.21573,25.43203],[-80.22435,25.41608],[-80.23803,25.40595],[-80.2351,25.40485],[-80.23253,25.40473],[-80.23119,25.40339]],[[-79.20832,25.4182],[-79.20893,25.41975],[-79.20971,25.41783],[-79.20832,25.41665],[-79.20832,25.4182]],[[-79.21003,25.42137],[-79.21036,25.42316],[-79.21076,25.42296],[-79.21085,25.42365],[-79.21284,25.4228],[-79.21182,25.42129],[-79.2117,25.42133],[-79.21129,25.42076],[-79.21003,25.42137]],[[-79.26126,25.52375],[-79.26187,25.52468],[-79.26126,25.51878],[-79.26126,25.52375]],[[-79.26212,25.52806],[-79.26651,25.53783],[-79.26871,25.53856],[-79.26431,25.52879],[-79.26212,25.52806]],[[-79.2799,25.5478],[-79.27941,25.55166],[-79.28844,25.56297],[-79.28893,25.55915],[-79.2799,25.5478]],[[-80.53869,25.18334],[-80.53482,25.19168],[-80.53828,25.19103],[-80.53987,25.18724],[-80.54434,25.18582],[-80.54731,25.1822],[-80.54629,25.18179],[-80.53869,25.18334]],[[-81.11038,25.34471],[-81.07494,25.34268],[-81.07392,25.34553],[-81.08963,25.34797],[-81.10847,25.35448],[-81.11449,25.35171],[-81.11762,25.34691],[-81.11038,25.34471]],[[-81.10033,25.31818],[-81.09073,25.31281],[-81.08812,25.32241],[-81.08568,25.32689],[-81.08629,25.33124],[-81.08902,25.33885],[-81.09728,25.34007],[-81.10871,25.33763],[-81.1127,25.3382],[-81.11042,25.34032],[-81.11653,25.34195],[-81.12222,25.33657],[-81.10863,25.32396],[-81.10033,25.31818]],[[-81.06558,25.31623],[-81.06074,25.31208],[-81.04988,25.31448],[-81.04084,25.32099],[-81.0432,25.32469],[-81.06037,25.32905],[-81.06623,25.3275],[-81.06806,25.32201],[-81.06558,25.31623]],[[-81.06688,25.27676],[-81.05875,25.27399],[-81.05175,25.27831],[-81.04849,25.28498],[-81.03978,25.2967],[-81.0428,25.30744],[-81.04747,25.30939],[-81.0598,25.31171],[-81.07287,25.31004],[-81.07836,25.3017],[-81.07462,25.28872],[-81.06688,25.27676]],[[-80.93371,25.26573],[-80.93961,25.25979],[-80.94083,25.25218],[-80.93875,25.251],[-80.93521,25.25174],[-80.93171,25.24559],[-80.93017,25.23111],[-80.92813,25.2318],[-80.92439,25.23798],[-80.92227,25.24653],[-80.92764,25.25947],[-80.93371,25.26573]],[[-80.94673,25.24026],[-80.95242,25.24059],[-80.9499,25.23749],[-80.95242,25.23281],[-80.9606,25.2215],[-80.95112,25.21918],[-80.9499,25.21918],[-80.95084,25.22683],[-80.94335,25.23033],[-80.93867,25.23281],[-80.94058,25.23461],[-80.94009,25.23843],[-80.94673,25.24026]],[[-80.97916,25.25019],[-80.97293,25.25446],[-80.96614,25.25556],[-80.97216,25.2626],[-80.97794,25.26341],[-80.97814,25.26199],[-80.97712,25.25991],[-80.97667,25.25898],[-80.98103,25.25401],[-80.97916,25.25019]],[[-81.35237,25.79906],[-81.364,25.80113],[-81.36962,25.79967],[-81.37373,25.79759],[-81.37637,25.80215],[-81.37885,25.80484],[-81.39033,25.79784],[-81.38988,25.79312],[-81.36351,25.78351],[-81.35607,25.7851],[-81.34862,25.7919],[-81.35237,25.79906]],[[-81.39322,25.80219],[-81.38756,25.8061],[-81.37743,25.80703],[-81.37072,25.81013],[-81.3732,25.81611],[-81.38048,25.82095],[-81.38707,25.82412],[-81.40518,25.83698],[-81.41222,25.84325],[-81.42951,25.8509],[-81.4405,25.84243],[-81.44123,25.83251],[-81.43985,25.82648],[-81.43956,25.8039],[-81.43334,25.80475],[-81.42516,25.81147],[-81.41771,25.80878],[-81.40681,25.7967],[-81.40323,25.79352],[-81.39973,25.79182],[-81.39989,25.79487],[-81.39708,25.79759],[-81.39322,25.80219]],[[-81.458,25.85041],[-81.46516,25.86567],[-81.47435,25.87246],[-81.48982,25.86982],[-81.49446,25.86762],[-81.50304,25.86587],[-81.51692,25.85977],[-81.51976,25.8487],[-81.51496,25.843],[-81.51212,25.84028],[-81.51203,25.83613],[-81.51098,25.83686],[-81.5091,25.84349],[-81.50837,25.84732],[-81.50788,25.85204],[-81.50284,25.85545],[-81.49804,25.85212],[-81.49527,25.8487],[-81.47956,25.8476],[-81.47387,25.8404],[-81.47106,25.83527],[-81.46695,25.82933],[-81.45962,25.82282],[-81.45336,25.82551],[-81.45051,25.83234],[-81.45344,25.83881],[-81.45613,25.84186],[-81.458,25.85041]],[[-81.53649,25.87092],[-81.53356,25.87865],[-81.53604,25.885],[-81.54101,25.89012],[-81.54312,25.89301],[-81.54223,25.89387],[-81.53921,25.89533],[-81.54589,25.90241],[-81.55834,25.90339],[-81.56102,25.89484],[-81.55871,25.88906],[-81.55403,25.88451],[-81.54784,25.88166],[-81.54646,25.87275],[-81.54849,25.85749],[-81.54577,25.85366],[-81.53649,25.87092]],[[-81.67203,25.86725],[-81.66002,25.88654],[-81.6634,25.89692],[-81.67614,25.90127],[-81.68887,25.89932],[-81.69896,25.89985],[-81.7084,25.89867],[-81.71076,25.88972],[-81.70857,25.88378],[-81.70637,25.8815],[-81.70157,25.87751],[-81.6988,25.87263],[-81.69616,25.86579],[-81.69026,25.8631],[-81.6774,25.86148],[-81.67203,25.86725]],[[-81.57592,25.87759],[-81.57372,25.87381],[-81.56908,25.87706],[-81.56705,25.88142],[-81.56615,25.88589],[-81.5703,25.88797],[-81.574,25.88581],[-81.57592,25.87759]],[[-82.27465,26.73615],[-82.26643,26.71499],[-82.2591,26.73725],[-82.25796,26.75853],[-82.26293,26.7801],[-82.27383,26.80313],[-82.27843,26.81004],[-82.28148,26.80948],[-82.28751,26.80313],[-82.27782,26.78506],[-82.27465,26.73615]],[[-82.17764,26.70132],[-82.16466,26.67194],[-82.14574,26.64012],[-82.13244,26.60981],[-82.13671,26.58466],[-82.12365,26.56538],[-82.10851,26.5163],[-82.09508,26.49584],[-82.08202,26.49152],[-82.08096,26.50902],[-82.08825,26.56045],[-82.09602,26.57494],[-82.11156,26.59638],[-82.1232,26.61872],[-82.11364,26.65436],[-82.1245,26.67646],[-82.14391,26.69465],[-82.16397,26.70132],[-82.17764,26.70132]],[[-82.19628,26.5445],[-82.20495,26.55048],[-82.20067,26.5196],[-82.19131,26.48843],[-82.18407,26.47333],[-82.17504,26.46247],[-82.16393,26.45429],[-82.10359,26.42255],[-82.08825,26.4195],[-82.07091,26.42463],[-82.04552,26.44375],[-82.02684,26.44746],[-82.06843,26.46796],[-82.07681,26.4562],[-82.09626,26.45454],[-82.12922,26.46113],[-82.14879,26.46857],[-82.16413,26.47956],[-82.17589,26.49494],[-82.18444,26.51577],[-82.18716,26.52692],[-82.19079,26.53653],[-82.19628,26.5445]],[[-82.25548,26.70124],[-82.26016,26.70132],[-82.24767,26.65436],[-82.23908,26.63418],[-82.22545,26.61127],[-82.22932,26.63378],[-82.24454,26.6708],[-82.24596,26.69453],[-82.25235,26.69961],[-82.25548,26.70124]],[[-82.60668,27.33666],[-82.58918,27.32445],[-82.59309,27.33983],[-82.63012,27.37971],[-82.65429,27.41966],[-82.66421,27.42691],[-82.68098,27.43407],[-82.67663,27.42178],[-82.66442,27.40449],[-82.65746,27.3968],[-82.64904,27.38133],[-82.60668,27.33666]],[[-82.6516,28.54715],[-82.65571,28.55402],[-82.66454,28.55353],[-82.65941,28.55056],[-82.65624,28.54625],[-82.65628,28.54446],[-82.65534,28.54352],[-82.65225,28.54487],[-82.6516,28.54715]]]}},{"type":"Feature","properties":{"region":"ny","kind":"ocean"},"geometry":{"type":"Polygon","coordinates":[[[-73.7,40.2],[-71.3,40.2],[-71.3,41.6],[-73.7,41.6],[-73.7,40.2]],[[-74.0,41.9],[-74.0,39.9],[-74.0,40.20167],[-73.99205,40.22687],[-73.97989,40.28016],[-73.97239,40.32765],[-73.97093,40.39475],[-73.9757,40.42927],[-73.97916,40.44929],[-73.98957,40.46821],[-74.0,40.47269],[-74.0,40.44465],[-73.9982,40.44111],[-73.99531,40.42185],[-73.98801,40.40783],[-73.99299,40.40241],[-74.0,40.40583],[-74.0,40.7884],[-73.99192,40.79846],[-73.95474,40.85859],[-73.91808,40.93146],[-73.9077,40.97187],[-73.90713,40.99079],[-73.90636,41.01626],[-73.92064,41.10196],[-73.91666,41.1457],[-73.91788,41.16352],[-73.93232,41.17827],[-73.95228,41.18929],[-73.96307,41.2057],[-73.9702,41.21906],[-73.97761,41.25288],[-73.98217,41.26114],[-73.98497,41.2696],[-73.98205,41.28376],[-73.97594,41.29218],[-73.96597,41.30012],[-73.94734,41.3111],[-73.94514,41.291],[-73.95348,41.27473],[-73.95702,41.25776],[-73.9405,41.23599],[-73.90758,41.21336],[-73.89574,41.20319],[-73.88589,41.18757],[-73.87531,41.15327],[-73.87157,41.11555],[-73.87218,41.03364],[-73.8754,41.01333],[-73.88948,40.97215],[-73.89802,40.93049],[-73.92186,40.88679],[-73.91275,40.88158],[-73.90884,40.86856],[-73.91535,40.85684],[-73.92577,40.836],[-73.93228,40.82559],[-73.93228,40.81778],[-73.92683,40.8048],[-73.89383,40.80385],[-73.86603,40.81184],[-73.82973,40.8109],[-73.79769,40.81319],[-73.80506,40.82615],[-73.81991,40.83913],[-73.81697,40.86201],[-73.81168,40.87104],[-73.79992,40.87226],[-73.78816,40.87177],[-73.78283,40.87604],[-73.77741,40.89411],[-73.76439,40.9101],[-73.72037,40.94701],[-73.71076,40.95303],[-73.69872,40.95478],[-73.67699,40.95478],[-73.67439,40.95881],[-73.65315,40.98212],[-73.64802,40.99209],[-73.65026,40.99657],[-73.6417,41.00177],[-73.63458,41.00706],[-73.61937,41.00874],[-73.61115,41.01134],[-73.60392,41.02282],[-73.59688,41.02367],[-73.58999,41.01479],[-73.56485,41.01895],[-73.5467,41.02888],[-73.53712,41.03128],[-73.52321,41.02149],[-73.5042,41.04257],[-73.48522,41.05386],[-73.4746,41.05475],[-73.43761,41.07307],[-73.42374,41.0777],[-73.37975,41.10017],[-73.37194,41.10196],[-73.36407,41.10603],[-73.35003,41.1068],[-73.33238,41.11371],[-73.31599,41.11534],[-73.30193,41.11699],[-73.29365,41.12309],[-73.28645,41.13449],[-73.27834,41.13002],[-73.27152,41.11762],[-73.26213,41.12019],[-73.24446,41.12797],[-73.2338,41.13668],[-73.22786,41.1428],[-73.22423,41.14981],[-73.22517,41.16328],[-73.2211,41.16714],[-73.21911,41.166],[-73.21581,41.16303],[-73.20891,41.15672],[-73.18428,41.16177],[-73.18407,41.17411],[-73.17011,41.16957],[-73.16434,41.16511],[-73.15509,41.15886],[-73.13424,41.14721],[-73.10849,41.14871],[-73.11059,41.16194],[-73.10741,41.17471],[-73.10375,41.18037],[-73.09447,41.19131],[-73.08552,41.19701],[-73.06371,41.20478],[-73.05354,41.21174],[-73.03844,41.20523],[-73.01383,41.20672],[-73.00202,41.22175],[-72.99291,41.22899],[-72.96727,41.25642],[-72.93004,41.28376],[-72.92736,41.2888],[-72.91893,41.29865],[-72.90998,41.30512],[-72.90583,41.30052],[-72.90315,41.27717],[-72.89525,41.26586],[-72.89573,41.25558],[-72.89243,41.24497],[-72.85607,41.24542],[-72.84289,41.25847],[-72.82651,41.25651],[-72.81334,41.25959],[-72.80602,41.25776],[-72.78978,41.26732],[-72.77945,41.27017],[-72.74132,41.27216],[-72.72765,41.27017],[-72.71788,41.26586],[-72.7091,41.26057],[-72.69933,41.25658],[-72.68668,41.25642],[-72.67878,41.26048],[-72.67105,41.26748],[-72.66177,41.27407],[-72.60481,41.28376],[-72.5819,41.27875],[-72.54064,41.26366],[-72.52965,41.27017],[-72.52221,41.27017],[-72.51952,41.26496],[-72.51692,41.26293],[-72.51334,41.26105],[-72.50792,41.25642],[-72.49527,41.27033],[-72.47509,41.28107],[-72.45263,41.28791],[-72.43346,41.28998],[-72.39078,41.27778],[-72.36978,41.2766],[-72.3509,41.28998],[-72.35489,41.29145],[-72.36457,41.29743],[-72.35436,41.32123],[-72.36364,41.3369],[-72.3802,41.35008],[-72.39184,41.36628],[-72.37271,41.36473],[-72.35823,41.35798],[-72.34838,41.34833],[-72.34341,41.33836],[-72.34398,41.32929],[-72.34781,41.3216],[-72.35041,41.31464],[-72.34716,41.30732],[-72.34105,41.30337],[-72.32702,41.29873],[-72.31989,41.29369],[-72.28795,41.28295],[-72.22692,41.3107],[-72.20006,41.29743],[-72.19433,41.3238],[-72.16804,41.32246],[-72.13541,41.31208],[-72.11071,41.3111],[-72.10114,41.32246],[-72.09512,41.3461],[-72.0834,41.35204],[-72.03624,41.31786],[-71.97289,41.3437],[-71.96325,41.34536],[-71.89806,41.3465],[-71.88537,41.34463],[-71.87214,41.33926],[-71.86238,41.33259],[-71.85653,41.3225],[-71.87791,41.31151],[-71.87147,41.30258],[-71.82897,41.31698],[-71.75381,41.33104],[-71.59888,41.36752],[-71.55583,41.37485],[-71.53038,41.37645],[-71.5078,41.36811],[-71.49771,41.36628],[-71.48827,41.37059],[-71.48396,41.37995],[-71.46962,41.39133],[-71.45479,41.40613],[-71.4261,41.46874],[-71.42341,41.4864],[-71.42463,41.53889],[-71.42951,41.55439],[-71.44278,41.57465],[-71.43737,41.58478],[-71.4237,41.59431],[-71.41246,41.61274],[-71.41027,41.63296],[-71.41381,41.6529],[-71.42333,41.66816],[-71.44677,41.67723],[-71.44164,41.68407],[-71.43025,41.69111],[-71.41861,41.69465],[-71.40689,41.69383],[-71.39843,41.68976],[-71.39147,41.68301],[-71.38443,41.67422],[-71.38028,41.68366],[-71.36685,41.70356],[-71.364,41.71206],[-71.3675,41.72382],[-71.3756,41.73054],[-71.38476,41.73566],[-71.39135,41.7425],[-71.39509,41.75951],[-71.39631,41.78327],[-71.39501,41.80573],[-71.39135,41.81879],[-71.37881,41.805],[-71.37035,41.79206],[-71.36559,41.77766],[-71.364,41.75983],[-71.35562,41.74628],[-71.33707,41.73379],[-71.31819,41.7248],[-71.30883,41.72199],[-71.30443,41.73005],[-71.30199,41.7517],[-71.29882,41.75609],[-71.2897,41.7541],[-71.28303,41.74885],[-71.28091,41.7414],[-71.29406,41.72016],[-71.3015,41.70262],[-71.30675,41.68472],[-71.30883,41.6708],[-71.30183,41.65961],[-71.28572,41.65961],[-71.26041,41.65111],[-71.24486,41.68032],[-71.24104,41.68122],[-71.24022,41.68464],[-71.24055,41.69807],[-71.23839,41.70734],[-71.23685,41.70958],[-71.22899,41.72093],[-71.22688,41.72573],[-71.22106,41.73139],[-71.208,41.72915],[-71.1859,41.72199],[-71.17626,41.72663],[-71.16955,41.7333],[-71.13809,41.77993],[-71.12605,41.79243],[-71.11075,41.79706],[-71.13557,41.75552],[-71.19026,41.68561],[-71.19396,41.67687],[-71.20694,41.64623],[-71.20971,41.62617],[-71.21052,41.60224],[-71.20694,41.55817],[-71.19567,41.52082],[-71.1964,41.51341],[-71.20202,41.50263],[-71.19913,41.49213],[-71.1859,41.46874],[-71.1219,41.51301],[-71.09716,41.52338],[-71.10155,41.52831],[-71.11075,41.54385],[-71.07372,41.53872],[-71.06212,41.54385],[-71.06237,41.56436],[-71.04931,41.55195],[-71.04385,41.53685],[-71.04947,41.52375],[-71.06981,41.51716],[-71.04015,41.50715],[-71.01545,41.51227],[-71.0,41.52109],[-71.0,41.9]],[[-72.0388,41.24945],[-72.02281,41.25349],[-71.99873,41.25167],[-71.98833,41.26009],[-71.97015,41.27362],[-71.94658,41.27657],[-71.928,41.28198],[-71.92073,41.2914],[-71.93976,41.2922],[-71.95389,41.28671],[-71.97681,41.28471],[-71.994,41.28308],[-71.99808,41.27408],[-72.00336,41.26701],[-72.01135,41.27621],[-72.02213,41.27686],[-72.02623,41.2669],[-72.03656,41.26087],[-72.0388,41.24945]],[[-71.34618,41.45474],[-71.33495,41.45905],[-71.32307,41.46874],[-71.30321,41.46638],[-71.28596,41.482],[-71.2648,41.49608],[-71.23363,41.4892],[-71.23803,41.50031],[-71.23754,41.50951],[-71.2351,41.51899],[-71.23363,41.53083],[-71.23257,41.6059],[-71.22061,41.64004],[-71.22061,41.66055],[-71.23274,41.65278],[-71.2578,41.64069],[-71.26781,41.63264],[-71.27359,41.621],[-71.27945,41.59309],[-71.28551,41.58173],[-71.29109,41.57827],[-71.30578,41.57172],[-71.30883,41.56778],[-71.30818,41.55317],[-71.30915,41.54609],[-71.31249,41.54076],[-71.32226,41.53042],[-71.32555,41.51996],[-71.32136,41.50853],[-71.30883,41.49543],[-71.31998,41.48847],[-71.35131,41.47785],[-71.35782,41.47248],[-71.35456,41.45832],[-71.34618,41.45474]],[[-71.36242,41.57246],[-71.3684,41.57624],[-71.37767,41.57795],[-71.39269,41.54267],[-71.39533,41.52643],[-71.38443,41.51716],[-71.38781,41.51288],[-71.38948,41.50922],[-71.3922,41.50593],[-71.39879,41.50288],[-71.39517,41.49091],[-71.40099,41.46845],[-71.39879,41.4619],[-71.39265,41.46328],[-71.38414,41.46947],[-71.37609,41.477],[-71.37145,41.48237],[-71.36563,41.49535],[-71.36042,41.51455],[-71.35729,41.53657],[-71.35782,41.55817],[-71.35912,41.56639],[-71.36242,41.57246]],[[-71.33723,41.5821],[-71.33072,41.57559],[-71.31509,41.5808],[-71.30468,41.60423],[-71.30337,41.62637],[-71.3177,41.63288],[-71.33072,41.6472],[-71.33593,41.65762],[-71.34374,41.67064],[-71.35546,41.66022],[-71.35936,41.64199],[-71.35676,41.63158],[-71.33593,41.62637],[-71.33072,41.61074],[-71.33723,41.59252],[-71.33723,41.5821]],[[-71.58043,41.21479],[-71.58267,41.20405],[-71.59122,41.19733],[-71.59749,41.18767],[-71.60802,41.18059],[-71.61272,41.16747],[-71.61375,41.15518],[-71.59955,41.14578],[-71.57157,41.14977],[-71.54909,41.15204],[-71.54447,41.16289],[-71.55187,41.17573],[-71.55993,41.18374],[-71.56615,41.19375],[-71.55947,41.20102],[-71.55354,41.21457],[-71.56705,41.22484],[-71.57258,41.22883],[-71.5792,41.22557],[-71.58043,41.21479]],[[-72.26,41.16083],[-72.27554,41.16262],[-72.28946,41.16116],[-72.34341,41.14065],[-72.35871,41.13113],[-72.38305,41.10891],[-72.41292,41.08981],[-72.44518,41.08585],[-72.45386,41.07442],[-72.47165,41.05595],[-72.54135,41.02382],[-72.60611,40.98994],[-72.62833,40.98359],[-72.69609,40.98102],[-72.78112,40.96508],[-72.83009,40.96918],[-72.90038,40.96326],[-73.00897,40.96707],[-73.04844,40.96302],[-73.07622,40.97194],[-73.08458,40.96931],[-73.07917,40.95856],[-73.08214,40.95161],[-73.0913,40.94835],[-73.1044,40.9488],[-73.09874,40.96951],[-73.11315,40.97346],[-73.13537,40.96845],[-73.15282,40.96247],[-73.1481,40.94562],[-73.15949,40.93024],[-73.1787,40.91901],[-73.2246,40.90827],[-73.23534,40.90782],[-73.24372,40.91026],[-73.26343,40.91362],[-73.29318,40.9247],[-73.3259,40.92926],[-73.35096,40.93086],[-73.37406,40.93607],[-73.37978,40.94701],[-73.39517,40.95437],[-73.40193,40.9544],[-73.40776,40.94716],[-73.41002,40.93989],[-73.39957,40.92542],[-73.37896,40.92446],[-73.36064,40.92509],[-73.35473,40.91413],[-73.35827,40.90042],[-73.37092,40.90009],[-73.38866,40.90595],[-73.40502,40.90395],[-73.42032,40.90042],[-73.4322,40.90766],[-73.44083,40.91466],[-73.4313,40.93329],[-73.46208,40.93638],[-73.48569,40.94563],[-73.4941,40.92705],[-73.48534,40.91791],[-73.46915,40.90131],[-73.46813,40.89362],[-73.47553,40.89074],[-73.47244,40.88237],[-73.47983,40.87724],[-73.49294,40.88164],[-73.49339,40.89199],[-73.50757,40.89364],[-73.50972,40.88569],[-73.51135,40.87735],[-73.53498,40.87863],[-73.5491,40.89099],[-73.54067,40.89534],[-73.5286,40.89172],[-73.51529,40.90042],[-73.51268,40.9051],[-73.52046,40.9176],[-73.56527,40.91451],[-73.63265,40.89959],[-73.65336,40.86779],[-73.64612,40.83087],[-73.65331,40.82392],[-73.66551,40.83845],[-73.67435,40.85676],[-73.70531,40.86674],[-73.7202,40.86624],[-73.73127,40.85444],[-73.73306,40.8437],[-73.70043,40.8336],[-73.69689,40.82189],[-73.70299,40.81017],[-73.71459,40.8048],[-73.72179,40.81122],[-73.72936,40.82408],[-73.73982,40.83434],[-73.75552,40.83279],[-73.76426,40.81003],[-73.75014,40.79135],[-73.75752,40.77111],[-73.77899,40.79218],[-73.82305,40.79738],[-73.86086,40.77635],[-73.8703,40.78231],[-73.88709,40.77993],[-73.9086,40.78868],[-73.93023,40.77312],[-73.9568,40.74317],[-73.95937,40.72466],[-73.96934,40.70875],[-73.98034,40.70462],[-73.99059,40.69977],[-73.9977,40.69609],[-74.0,40.69281],[-74.0,40.59175],[-73.99809,40.58963],[-74.0,40.58497],[-74.0,40.57026],[-73.98813,40.56937],[-73.94158,40.57456],[-73.93217,40.57774],[-73.92642,40.5837],[-73.91177,40.5837],[-73.89764,40.5833],[-73.89189,40.57694],[-73.87776,40.5821],[-73.88352,40.60038],[-73.89294,40.61429],[-73.89135,40.6236],[-73.88299,40.63177],[-73.87723,40.63614],[-73.86885,40.6401],[-73.85156,40.64367],[-73.82956,40.64882],[-73.81541,40.64563],[-73.79813,40.63806],[-73.78085,40.6289],[-73.77142,40.62332],[-73.76881,40.61855],[-73.77616,40.61061],[-73.78979,40.60029],[-73.85055,40.58088],[-73.93948,40.55548],[-73.93947,40.54196],[-73.89712,40.55468],[-73.81259,40.58374],[-73.76805,40.58964],[-73.75235,40.58565],[-73.70734,40.58279],[-73.5818,40.58449],[-73.57548,40.59321],[-73.60634,40.59409],[-73.71045,40.59511],[-73.71093,40.61021],[-73.69579,40.62153],[-73.66795,40.62601],[-73.65542,40.61804],[-73.65598,40.60891],[-73.66437,40.60376],[-73.65286,40.60135],[-73.64343,40.6049],[-73.62717,40.6144],[-73.56112,40.63805],[-73.50455,40.64383],[-73.40216,40.65772],[-73.37222,40.66237],[-73.31749,40.68357],[-73.275,40.68693],[-73.26182,40.6956],[-73.24703,40.70704],[-73.23332,40.7145],[-73.21193,40.70564],[-73.17951,40.7047],[-73.15803,40.69974],[-73.14539,40.70522],[-73.1424,40.71613],[-73.14044,40.72624],[-73.12938,40.73014],[-73.11473,40.72805],[-73.0991,40.72039],[-73.08332,40.72465],[-73.05495,40.72921],[-73.03342,40.73143],[-73.02257,40.74759],[-73.0122,40.74958],[-72.94682,40.74189],[-72.92626,40.75642],[-72.91036,40.75827],[-72.88926,40.76564],[-72.87907,40.74569],[-72.85279,40.74942],[-72.83275,40.75963],[-72.81794,40.76842],[-72.81363,40.7816],[-72.82801,40.78971],[-72.8019,40.78271],[-72.76517,40.78315],[-72.74395,40.79684],[-72.72696,40.80779],[-72.70034,40.79957],[-72.67933,40.80094],[-72.66358,40.80077],[-72.65052,40.79746],[-72.67846,40.791],[-72.72539,40.77838],[-72.73169,40.77765],[-72.7379,40.77379],[-72.732,40.76996],[-72.72395,40.77042],[-72.70444,40.77618],[-72.60528,40.80133],[-72.54182,40.8205],[-72.50231,40.83906],[-72.49079,40.84687],[-72.49153,40.85602],[-72.49836,40.86579],[-72.5006,40.87604],[-72.49657,40.8841],[-72.48469,40.8874],[-72.45914,40.88536],[-72.44742,40.8791],[-72.44835,40.86823],[-72.46076,40.85261],[-72.44127,40.85501],[-72.40666,40.86207],[-72.37173,40.87584],[-72.31699,40.89626],[-72.21986,40.93342],[-72.15982,40.95527],[-72.08715,40.98343],[-72.00887,41.00739],[-71.92951,41.03785],[-71.88497,41.0454],[-71.8649,41.06208],[-71.85741,41.07172],[-71.87511,41.07571],[-71.9033,41.08467],[-71.9309,41.07879],[-71.91893,41.06489],[-71.91893,41.05866],[-71.93343,41.06493],[-71.9453,41.07348],[-71.95807,41.06972],[-71.95875,41.04628],[-71.97571,41.0434],[-71.99275,41.04963],[-72.01171,41.0421],[-72.04988,41.01769],[-72.08804,41.00483],[-72.109,41.00141],[-72.11815,41.00686],[-72.12287,41.0174],[-72.15538,41.055],[-72.16687,41.05665],[-72.18004,41.04706],[-72.18355,41.02782],[-72.18675,41.00916],[-72.21379,41.0398],[-72.23371,41.04407],[-72.24021,41.03779],[-72.24254,41.02908],[-72.24863,41.01763],[-72.26345,41.01545],[-72.2701,41.00243],[-72.29846,41.006],[-72.30126,41.02035],[-72.30668,41.03552],[-72.32152,41.03583],[-72.33209,41.0307],[-72.32111,41.00591],[-72.32654,40.99922],[-72.34211,40.99982],[-72.36718,40.9946],[-72.38613,40.97181],[-72.40818,40.95065],[-72.4293,40.94695],[-72.44103,40.94298],[-72.44371,40.93175],[-72.44988,40.9198],[-72.45714,40.91026],[-72.48085,40.89794],[-72.50136,40.89739],[-72.52383,40.90302],[-72.54393,40.9101],[-72.56359,40.91238],[-72.5843,40.90042],[-72.59301,40.90583],[-72.60285,40.90839],[-72.61343,40.90888],[-72.62462,40.90782],[-72.61594,40.92772],[-72.59956,40.93071],[-72.58004,40.93288],[-72.56244,40.9442],[-72.54308,40.95657],[-72.54356,40.96662],[-72.53392,40.97485],[-72.52066,40.98517],[-72.51055,40.9849],[-72.49958,40.98896],[-72.49494,40.98981],[-72.47254,40.99039],[-72.46646,41.00383],[-72.45495,41.00373],[-72.44669,40.9914],[-72.43773,40.9842],[-72.43346,40.99323],[-72.4357,41.00589],[-72.43883,41.01598],[-72.43741,41.0257],[-72.43112,41.0304],[-72.41208,41.03413],[-72.39054,41.03147],[-72.38508,41.04446],[-72.39281,41.04719],[-72.39997,41.05134],[-72.4153,41.05445],[-72.41234,41.06489],[-72.34362,41.1142],[-72.30443,41.13194],[-72.28946,41.11335],[-72.27619,41.11705],[-72.26024,41.12503],[-72.2469,41.13544],[-72.24169,41.1468],[-72.24722,41.15571]],[[-72.13102,41.12047],[-72.12813,41.10925],[-72.13481,41.10203],[-72.14152,41.09685],[-72.13603,41.09281],[-72.12244,41.09293],[-72.10814,41.09051],[-72.10258,41.08134],[-72.10102,41.06755],[-72.10082,41.05425],[-72.09279,41.06148],[-72.0861,41.06819],[-72.08145,41.07488],[-72.08497,41.08354],[-72.08509,41.09173],[-72.07903,41.09484],[-72.07843,41.09996],[-72.09135,41.1019],[-72.10907,41.10686],[-72.13102,41.12047]],[[-72.30525,41.08422],[-72.32271,41.09457],[-72.32784,41.10506],[-72.34016,41.10368],[-72.34156,41.09065],[-72.36192,41.07989],[-72.37239,41.06862],[-72.37131,41.05499],[-72.3588,41.04583],[-72.34076,41.04851],[-72.31775,41.04875],[-72.29789,41.04152],[-72.28625,41.0342],[-72.27553,41.03183],[-72.27566,41.03927],[-72.28239,41.04788],[-72.27847,41.05846],[-72.28277,41.06895],[-72.28048,41.07889],[-72.29534,41.08184],[-72.30525,41.08422]],[[-72.83237,40.74774],[-72.88151,40.7344],[-72.91427,40.72453],[-72.9489,40.71539],[-73.01391,40.69046],[-73.04034,40.682],[-73.10466,40.66722],[-73.17661,40.651],[-73.21883,40.63963],[-73.25529,40.62967],[-73.30505,40.62992],[-73.29746,40.62262],[-73.24578,40.62381],[-73.14753,40.64431],[-73.04101,40.67263],[-72.99153,40.68818],[-72.91348,40.7129],[-72.83153,40.74164],[-72.80492,40.75084],[-72.75724,40.76009],[-72.75708,40.7688],[-72.77923,40.76684],[-72.83237,40.74774]],[[-73.38952,40.61677],[-73.32032,40.63506],[-73.25614,40.63905],[-73.2484,40.64772],[-73.26946,40.6493],[-73.31831,40.64666],[-73.33938,40.64459],[-73.3576,40.64033],[-73.37774,40.63462],[-73.40073,40.62964],[-73.44385,40.61894],[-73.56639,40.59032],[-73.57412,40.57509],[-73.38952,40.61677]],[[-73.94642,40.77723],[-73.93338,40.79719],[-73.94009,40.81387],[-73.93879,40.82819],[-73.92968,40.84382],[-73.91666,40.86335],[-73.91796,40.87507],[-73.92805,40.87751],[-73.93281,40.86884],[-73.93916,40.85423],[-73.98697,40.77871],[-74.0,40.76032],[-74.0,40.70489],[-73.97581,40.71401],[-73.97229,40.7272],[-73.97222,40.74068]]]}},{"type":"Feature","properties":{"region":"ca","kind":"ocean"},"geometry":{"type":"Polygon","coordinates":[[[-123.7,33.3],[-117.4,33.3],[-117.4,38.6],[-123.7,38.6],[-123.7,33.3]],[[-117.1,33.0],[-117.1,38.9],[-123.69722,38.9],[-123.66306,38.87245],[-123.64831,38.84953],[-123.61647,38.82732],[-123.59417,38.80582],[-123.56623,38.79515],[-123.55885,38.78299],[-123.53764,38.77233],[-123.52329,38.74672],[-123.49246,38.73647],[-123.4741,38.72197],[-123.43361,38.68679],[-123.43246,38.67797],[-123.41398,38.66669],[-123.4011,38.64283],[-123.36949,38.61214],[-123.36589,38.60074],[-123.35599,38.59715],[-123.34167,38.58663],[-123.33698,38.56726],[-123.31532,38.55747],[-123.30455,38.54902],[-123.27256,38.52895],[-123.25266,38.51067],[-123.17092,38.47919],[-123.12873,38.44931],[-123.12458,38.43748],[-123.11276,38.42062],[-123.10206,38.41216],[-123.09581,38.39583],[-123.08703,38.39126],[-123.07904,38.37208],[-123.07093,38.35995],[-123.06839,38.34629],[-123.07597,38.32247],[-123.06244,38.2959],[-123.05289,38.298],[-123.0517,38.30519],[-123.04646,38.31205],[-123.02952,38.31269],[-123.00228,38.29486],[-122.98712,38.27772],[-122.97454,38.26619],[-122.96852,38.25087],[-122.96882,38.23709],[-122.96457,38.23236],[-122.95434,38.2314],[-122.95066,38.21729],[-122.944,38.21931],[-122.93554,38.21548],[-122.88842,38.15461],[-122.85043,38.1107],[-122.83226,38.09589],[-122.82567,38.07209],[-122.84337,38.09199],[-122.86876,38.11026],[-122.89151,38.1308],[-122.90728,38.15234],[-122.92557,38.17514],[-122.96482,38.2177],[-122.98525,38.23781],[-122.9963,38.24273],[-122.99323,38.22952],[-122.98305,38.22013],[-122.97384,38.20804],[-122.96479,38.1986],[-122.96495,38.1826],[-122.95551,38.17627],[-122.95029,38.16449],[-122.94965,38.14399],[-122.99073,38.04872],[-123.016,38.0007],[-123.02162,38.00048],[-123.02745,37.99449],[-123.01782,37.99352],[-122.99755,37.99384],[-122.98448,37.99211],[-122.97423,37.99028],[-122.9625,37.99205],[-122.97177,37.99614],[-122.98033,37.99804],[-122.98403,38.00323],[-122.97907,38.01452],[-122.96338,38.02531],[-122.94937,38.02945],[-122.93609,38.03077],[-122.94249,38.04125],[-122.94689,38.04531],[-122.9471,38.05475],[-122.94848,38.06074],[-122.94156,38.06476],[-122.93541,38.07075],[-122.92014,38.06531],[-122.93212,38.05881],[-122.9327,38.04952],[-122.92111,38.03487],[-122.90684,38.03184],[-122.8394,38.00635],[-122.82143,37.99767],[-122.81055,37.98519],[-122.796,37.97552],[-122.78024,37.94813],[-122.76535,37.9374],[-122.74864,37.9326],[-122.7342,37.92012],[-122.72774,37.90304],[-122.71318,37.9003],[-122.70038,37.8921],[-122.69667,37.89926],[-122.68597,37.90396],[-122.67239,37.90657],[-122.6452,37.89882],[-122.62073,37.8775],[-122.6013,37.87323],[-122.58834,37.86081],[-122.5737,37.85591],[-122.56369,37.84815],[-122.5479,37.83462],[-122.53795,37.82794],[-122.52843,37.81637],[-122.52259,37.82197],[-122.5118,37.82449],[-122.50264,37.82048],[-122.48784,37.8253],[-122.47756,37.8251],[-122.47039,37.83183],[-122.47649,37.84352],[-122.47977,37.85313],[-122.47805,37.85968],[-122.48931,37.86413],[-122.49928,37.87249],[-122.49474,37.87751],[-122.49649,37.88448],[-122.49903,37.89359],[-122.49014,37.89389],[-122.47605,37.88679],[-122.47226,37.87989],[-122.47334,37.87445],[-122.46952,37.867],[-122.45901,37.86248],[-122.45946,37.87112],[-122.45473,37.87236],[-122.44795,37.87367],[-122.4388,37.88208],[-122.449,37.89364],[-122.46006,37.89544],[-122.47429,37.90524],[-122.47255,37.91125],[-122.47623,37.91599],[-122.50344,37.92481],[-122.50422,37.93488],[-122.50359,37.9405],[-122.49167,37.93549],[-122.48035,37.94182],[-122.48371,37.94855],[-122.49356,37.95856],[-122.49254,37.96979],[-122.47436,37.97612],[-122.46922,37.98275],[-122.45954,37.98141],[-122.45124,37.98006],[-122.44534,37.98512],[-122.45424,37.99781],[-122.46975,38.00543],[-122.49346,38.01278],[-122.50605,38.01717],[-122.50568,38.02313],[-122.50272,38.03188],[-122.49409,38.05001],[-122.48249,38.07688],[-122.48742,38.10483],[-122.50232,38.11352],[-122.45788,38.1177],[-122.44931,38.12447],[-122.43413,38.12335],[-122.41063,38.13385],[-122.39652,38.15323],[-122.30068,38.1082],[-122.28167,38.08608],[-122.27146,38.07451],[-122.26089,38.06943],[-122.24521,38.07209],[-122.22357,38.06573],[-122.20493,38.06523],[-122.19514,38.06175],[-122.18963,38.06138],[-122.1843,38.06479],[-122.16593,38.05455],[-122.15848,38.04345],[-122.13029,38.04214],[-122.1266,38.05034],[-122.12108,38.05988],[-122.09325,38.0843],[-122.07549,38.10051],[-122.0658,38.11323],[-122.06896,38.12178],[-122.06542,38.12735],[-122.05517,38.13373],[-122.03806,38.13675],[-122.01621,38.13955],[-122.0003,38.13731],[-121.98942,38.1252],[-121.98599,38.1107],[-122.01496,38.09851],[-121.98948,38.0825],[-121.97127,38.07492],[-121.95498,38.07917],[-121.90831,38.07884],[-121.91609,38.06696],[-121.92097,38.06245],[-121.92882,38.05842],[-121.91672,38.05271],[-121.89817,38.05322],[-121.88253,38.0569],[-121.86734,38.06464],[-121.86184,38.07045],[-121.84612,38.07251],[-121.82397,38.0688],[-121.80308,38.06288],[-121.76745,38.07884],[-121.74698,38.08771],[-121.72145,38.10835],[-121.70488,38.12229],[-121.68948,38.14755],[-121.6826,38.14719],[-121.68779,38.12383],[-121.70299,38.10562],[-121.71667,38.09281],[-121.73644,38.07884],[-121.74682,38.076],[-121.75903,38.07222],[-121.76917,38.0687],[-121.77985,38.06137],[-121.78425,38.05207],[-121.78522,38.0434],[-121.77871,38.03602],[-121.76747,38.03039],[-121.74206,38.02945],[-121.72059,38.04028],[-121.69933,38.05085],[-121.68928,38.06159],[-121.68859,38.0751],[-121.68611,38.08267],[-121.68028,38.09269],[-121.66495,38.09919],[-121.65856,38.0976],[-121.65197,38.09431],[-121.64452,38.09252],[-121.63948,38.09447],[-121.63191,38.10326],[-121.62719,38.10562],[-121.60407,38.10578],[-121.5865,38.10236],[-121.57128,38.09714],[-121.56512,38.08108],[-121.54864,38.06421],[-121.54242,38.06328],[-121.53561,38.06453],[-121.52926,38.06037],[-121.52627,38.0545],[-121.51324,38.05482],[-121.5039,38.04975],[-121.48656,38.04475],[-121.47574,38.03718],[-121.45873,38.02058],[-121.44538,38.00389],[-121.4453,37.99632],[-121.45901,38.00478],[-121.48034,38.02265],[-121.50088,38.03107],[-121.51264,38.04024],[-121.52641,38.04098],[-121.5378,38.05097],[-121.54758,38.05504],[-121.55592,38.05754],[-121.56931,38.06584],[-121.57809,38.06238],[-121.57926,38.05748],[-121.58021,38.04719],[-121.58248,38.03578],[-121.58424,38.02871],[-121.59837,38.02186],[-121.60506,38.01791],[-121.61276,38.02149],[-121.62299,38.03636],[-121.63224,38.04423],[-121.62771,38.05083],[-121.62062,38.06183],[-121.60961,38.06103],[-121.59923,38.05913],[-121.58497,38.06274],[-121.58247,38.06875],[-121.57652,38.07431],[-121.58033,38.0834],[-121.58205,38.092],[-121.59626,38.09439],[-121.60668,38.09935],[-121.6171,38.09862],[-121.62406,38.0947],[-121.62452,38.08929],[-121.63768,38.08633],[-121.66055,38.08686],[-121.67113,38.08389],[-121.67561,38.07551],[-121.67634,38.06708],[-121.67837,38.05695],[-121.68151,38.04833],[-121.68554,38.04475],[-121.69489,38.0434],[-121.70491,38.03523],[-121.72061,38.03212],[-121.72308,38.02556],[-121.71055,38.02211],[-121.69482,38.02468],[-121.68144,38.01745],[-121.69004,38.00912],[-121.70206,38.00922],[-121.72297,38.01114],[-121.75108,38.01944],[-121.77913,38.01546],[-121.83712,38.02306],[-121.8781,38.03435],[-121.888,38.04109],[-121.93901,38.04454],[-122.00399,38.05614],[-122.05326,38.05308],[-122.08184,38.0479],[-122.12438,38.0292],[-122.14794,38.02363],[-122.16855,38.02804],[-122.18617,38.04798],[-122.20363,38.05338],[-122.22704,38.05842],[-122.24975,38.05537],[-122.26424,38.04595],[-122.27557,38.0391],[-122.27697,38.02495],[-122.29904,38.0112],[-122.31677,38.01014],[-122.3225,38.00519],[-122.33601,38.00381],[-122.3463,38.00605],[-122.36631,38.01234],[-122.36998,38.00356],[-122.35957,37.98765],[-122.3688,37.98032],[-122.39503,37.97027],[-122.39773,37.95612],[-122.41381,37.96208],[-122.4297,37.96426],[-122.42132,37.94832],[-122.41017,37.93192],[-122.39626,37.92805],[-122.38763,37.92022],[-122.39109,37.90767],[-122.36483,37.90366],[-122.34783,37.90637],[-122.32876,37.90806],[-122.3139,37.88583],[-122.30831,37.87033],[-122.31775,37.86786],[-122.31602,37.86089],[-122.30386,37.8629],[-122.29789,37.83931],[-122.2955,37.83129],[-122.30139,37.82624],[-122.31969,37.82509],[-122.32836,37.82103],[-122.31657,37.81709],[-122.32236,37.81094],[-122.33473,37.81163],[-122.34066,37.80712],[-122.33909,37.80338],[-122.32842,37.80446],[-122.32501,37.80375],[-122.3247,37.80108],[-122.32862,37.79649],[-122.33151,37.78239],[-122.30985,37.77622],[-122.30756,37.78087],[-122.29737,37.77976],[-122.29988,37.77225],[-122.28985,37.76713],[-122.28351,37.76333],[-122.27155,37.76285],[-122.23934,37.75532],[-122.22632,37.7554],[-122.22185,37.75972],[-122.21729,37.75849],[-122.21245,37.74348],[-122.24893,37.7483],[-122.26235,37.743],[-122.25177,37.72278],[-122.21436,37.69907],[-122.20673,37.71067],[-122.19186,37.70031],[-122.18524,37.69078],[-122.16278,37.66443],[-122.15222,37.6161],[-122.14631,37.57897],[-122.11655,37.54256],[-122.10904,37.51797],[-122.09333,37.50357],[-122.06908,37.50357],[-122.06237,37.5017],[-122.05777,37.49754],[-122.05175,37.4892],[-122.05053,37.48428],[-122.05187,37.47744],[-122.05224,37.47138],[-122.04833,37.46874],[-122.04076,37.46792],[-122.03214,37.46336],[-122.03864,37.4514],[-122.05891,37.44741],[-122.08088,37.44872],[-122.10017,37.45506],[-122.11193,37.46747],[-122.12267,37.48493],[-122.13414,37.49779],[-122.14794,37.49665],[-122.15868,37.50336],[-122.17129,37.50359],[-122.18307,37.50755],[-122.193,37.51536],[-122.20735,37.51748],[-122.19889,37.52678],[-122.1993,37.53496],[-122.21029,37.53986],[-122.23054,37.54483],[-122.23958,37.54689],[-122.24535,37.55319],[-122.25097,37.56806],[-122.25792,37.57152],[-122.28327,37.5747],[-122.29907,37.5769],[-122.31579,37.58393],[-122.31677,37.58985],[-122.33039,37.58941],[-122.35852,37.59281],[-122.36229,37.59971],[-122.37411,37.60419],[-122.37117,37.61295],[-122.35934,37.60847],[-122.35414,37.61351],[-122.36372,37.62725],[-122.38373,37.63146],[-122.38439,37.63666],[-122.38136,37.64735],[-122.37491,37.65516],[-122.38103,37.66692],[-122.38016,37.67671],[-122.38797,37.67719],[-122.39245,37.71033],[-122.37947,37.70749],[-122.37629,37.71664],[-122.36246,37.71492],[-122.35454,37.73001],[-122.36649,37.73975],[-122.37432,37.74927],[-122.37924,37.75599],[-122.38286,37.76383],[-122.38153,37.77364],[-122.3871,37.77875],[-122.38793,37.79096],[-122.3982,37.80349],[-122.40864,37.81039],[-122.41876,37.81114],[-122.46336,37.8053],[-122.47645,37.81068],[-122.48593,37.79081],[-122.49767,37.7871],[-122.50587,37.78646],[-122.51517,37.78113],[-122.51361,37.75226],[-122.50849,37.72494],[-122.50187,37.70349],[-122.49474,37.66523],[-122.49595,37.62737],[-122.5017,37.60694],[-122.50323,37.60146],[-122.5076,37.5977],[-122.51309,37.59784],[-122.51747,37.59447],[-122.52242,37.59322],[-122.51904,37.58971],[-122.52003,37.57412],[-122.51476,37.56089],[-122.51757,37.54527],[-122.52047,37.53142],[-122.51203,37.51],[-122.50107,37.50133],[-122.49926,37.49307],[-122.49528,37.49537],[-122.49421,37.50084],[-122.4861,37.50256],[-122.47927,37.50278],[-122.46325,37.49665],[-122.44916,37.47666],[-122.44445,37.43752],[-122.42919,37.40727],[-122.41157,37.37493],[-122.40874,37.36417],[-122.40034,37.35974],[-122.40252,37.3405],[-122.40741,37.29498],[-122.41015,37.26885],[-122.41836,37.25231],[-122.4165,37.23392],[-122.4107,37.22687],[-122.40787,37.21612],[-122.40446,37.19453],[-122.39611,37.18186],[-122.38341,37.18227],[-122.36935,37.17402],[-122.36104,37.16236],[-122.35953,37.15049],[-122.33785,37.1349],[-122.33929,37.11858],[-122.32766,37.11281],[-122.31873,37.11562],[-122.30835,37.11668],[-122.29766,37.11123],[-122.29006,37.10424],[-122.28103,37.09658],[-122.26604,37.07646],[-122.2538,37.05912],[-122.22795,37.04006],[-122.22212,37.02429],[-122.20792,37.01927],[-122.17759,36.9951],[-122.15364,36.97708],[-122.14224,36.97525],[-122.13499,36.96573],[-122.12084,36.96326],[-122.106,36.95576],[-122.0809,36.95146],[-122.06087,36.94881],[-122.04679,36.94816],[-122.03482,36.95321],[-122.02519,36.95097],[-122.02408,36.95607],[-122.02516,36.95965],[-122.02121,36.96267],[-122.0067,36.96238],[-121.99397,36.95987],[-121.97424,36.9552],[-121.96357,36.95949],[-121.95277,36.97101],[-121.93724,36.97831],[-121.9056,36.96913],[-121.88712,36.9549],[-121.85993,36.92748],[-121.80425,36.83602],[-121.78981,36.8062],[-121.79816,36.77991],[-121.8032,36.75046],[-121.7949,36.74635],[-121.79019,36.74178],[-121.78371,36.73798],[-121.77511,36.7375],[-121.77021,36.73908],[-121.76644,36.73521],[-121.76127,36.73029],[-121.76374,36.72207],[-121.79242,36.73087],[-121.80536,36.73774],[-121.80993,36.71882],[-121.81426,36.68324],[-121.82706,36.6562],[-121.83793,36.63561],[-121.85387,36.61961],[-121.87,36.60721],[-121.87884,36.60261],[-121.88742,36.60199],[-121.89594,36.61261],[-121.90215,36.62075],[-121.91314,36.62441],[-121.92055,36.6289],[-121.92121,36.63358],[-121.92953,36.63804],[-121.93769,36.63925],[-121.94153,36.63443],[-121.94252,36.62645],[-121.94664,36.61801],[-121.95033,36.60994],[-121.95638,36.6141],[-121.95986,36.61147],[-121.96387,36.6005],[-121.96664,36.5921],[-121.96722,36.58521],[-121.97393,36.58429],[-121.98112,36.58372],[-121.978,36.57477],[-121.97008,36.56885],[-121.95389,36.55957],[-121.95089,36.56291],[-121.94648,36.56485],[-121.9428,36.56315],[-121.94034,36.55852],[-121.93462,36.56123],[-121.93253,36.55513],[-121.93127,36.54721],[-121.93563,36.54419],[-121.93312,36.53848],[-121.92994,36.53785],[-121.9283,36.53138],[-121.92753,36.52385],[-121.94006,36.52282],[-121.9482,36.52366],[-121.95536,36.52273],[-121.95693,36.51762],[-121.94957,36.51422],[-121.94227,36.5119],[-121.94424,36.50569],[-121.94321,36.50283],[-121.94248,36.49671],[-121.94631,36.49189],[-121.9447,36.48615],[-121.93804,36.46826],[-121.93151,36.46303],[-121.93022,36.4546],[-121.92901,36.44779],[-121.91835,36.43033],[-121.91533,36.42319],[-121.91767,36.41555],[-121.91443,36.40304],[-121.90827,36.39637],[-121.90612,36.38848],[-121.90417,36.38454],[-121.90613,36.37714],[-121.90584,36.37175],[-121.90365,36.36212],[-121.90107,36.35276],[-121.89786,36.34387],[-121.89359,36.33857],[-121.89372,36.33206],[-121.89713,36.32798],[-121.89563,36.31393],[-121.89966,36.3044],[-121.88101,36.29951],[-121.87361,36.29003],[-121.86319,36.28319],[-121.8522,36.27945],[-121.84542,36.2724],[-121.84008,36.25934],[-121.8356,36.24917],[-121.82486,36.2392],[-121.81037,36.2324],[-121.79886,36.23448],[-121.78144,36.22633],[-121.75395,36.21155],[-121.72914,36.19814],[-121.70388,36.18222],[-121.69358,36.17166],[-121.67792,36.16268],[-121.65776,36.14265],[-121.64266,36.12355],[-121.63016,36.11306],[-121.61822,36.08443],[-121.60644,36.0715],[-121.59452,36.06423],[-121.59266,36.05057],[-121.58224,36.03603],[-121.56674,36.02012],[-121.54108,36.01501],[-121.52257,36.01007],[-121.50668,36.00326],[-121.48998,35.98225],[-121.4869,35.96583],[-121.48223,35.94898],[-121.47838,35.93158],[-121.47225,35.91357],[-121.46272,35.90371],[-121.4632,35.88673],[-121.44203,35.86922],[-121.42554,35.85842],[-121.41335,35.85475],[-121.40893,35.84402],[-121.38712,35.82143],[-121.36801,35.81036],[-121.33723,35.78653],[-121.32307,35.76455],[-121.31459,35.71372],[-121.30902,35.70771],[-121.29841,35.69749],[-121.28847,35.68146],[-121.28831,35.66483],[-121.26915,35.66421],[-121.25199,35.65739],[-121.234,35.65204],[-121.2165,35.64775],[-121.19503,35.63234],[-121.19153,35.63386],[-121.19307,35.63962],[-121.18737,35.64192],[-121.1694,35.63692],[-121.15911,35.62724],[-121.14328,35.60504],[-121.13087,35.6007],[-121.10181,35.54967],[-121.06831,35.51787],[-121.03698,35.4892],[-121.00536,35.46066],[-120.98277,35.45999],[-120.96347,35.45665],[-120.94619,35.44629],[-120.90818,35.44824],[-120.88732,35.43293],[-120.87908,35.42009],[-120.8711,35.40531],[-120.86675,35.37099],[-120.86026,35.3738],[-120.85207,35.36705],[-120.84156,35.34587],[-120.83583,35.34291],[-120.8314,35.33609],[-120.84206,35.33167],[-120.84324,35.32435],[-120.85558,35.32152],[-120.85739,35.32676],[-120.85381,35.34753],[-120.86224,35.36191],[-120.86783,35.33039],[-120.88707,35.28594],[-120.89559,35.27351],[-120.89765,35.24977],[-120.8861,35.23379],[-120.87668,35.22379],[-120.84979,35.20291],[-120.79084,35.17902],[-120.76553,35.16024],[-120.75944,35.15921],[-120.75535,35.16312],[-120.75561,35.17192],[-120.74967,35.1774],[-120.72385,35.17523],[-120.70637,35.17422],[-120.69807,35.16913],[-120.67903,35.15306],[-120.67116,35.15023],[-120.65855,35.15048],[-120.65294,35.14423],[-120.64489,35.13939],[-120.63573,35.10859],[-120.63073,35.07388],[-120.6337,35.0351],[-120.64238,35.00087],[-120.6662,34.93177],[-120.67284,34.90752],[-120.66765,34.89885],[-120.65497,34.90119],[-120.64461,34.89511],[-120.64025,34.87922],[-120.63256,34.87141],[-120.62219,34.8673],[-120.61557,34.858],[-120.61741,34.84363],[-120.61921,34.81921],[-120.62992,34.78193],[-120.64025,34.75853],[-120.62759,34.74348],[-120.61701,34.72565],[-120.60305,34.70478],[-120.60605,34.67935],[-120.61414,34.6594],[-120.63057,34.62819],[-120.64211,34.60102],[-120.64783,34.58568],[-120.64444,34.57413],[-120.63663,34.56289],[-120.62162,34.55261],[-120.59457,34.5547],[-120.57793,34.55354],[-120.55784,34.54116],[-120.53636,34.53529],[-120.50999,34.52137],[-120.49161,34.49136],[-120.47268,34.45027],[-120.45411,34.44281],[-120.44434,34.45118],[-120.4252,34.45132],[-120.29321,34.46849],[-120.17187,34.46998],[-120.13341,34.47272],[-120.09142,34.45881],[-120.0366,34.46314],[-120.02214,34.4577],[-120.00997,34.46101],[-119.98953,34.44977],[-119.98467,34.45003],[-119.97593,34.44721],[-119.96225,34.43981],[-119.95707,34.43589],[-119.9499,34.43431],[-119.94276,34.43524],[-119.93484,34.43554],[-119.92153,34.4334],[-119.9006,34.42044],[-119.89037,34.41909],[-119.87864,34.40661],[-119.87435,34.40877],[-119.86824,34.40948],[-119.85472,34.40881],[-119.84438,34.40389],[-119.84239,34.40623],[-119.84094,34.41004],[-119.84101,34.41298],[-119.83641,34.41495],[-119.83204,34.41626],[-119.80855,34.41635],[-119.80296,34.4181],[-119.78765,34.41721],[-119.7545,34.40479],[-119.74322,34.40261],[-119.73295,34.39746],[-119.7199,34.3953],[-119.70788,34.39544],[-119.70204,34.3981],[-119.7008,34.40086],[-119.6909,34.4035],[-119.69169,34.40538],[-119.69021,34.40814],[-119.6877,34.4109],[-119.67806,34.41439],[-119.65793,34.41651],[-119.63851,34.41524],[-119.62886,34.41808],[-119.6212,34.41817],[-119.61716,34.42053],[-119.59586,34.41885],[-119.58179,34.4127],[-119.57589,34.41192],[-119.57285,34.4128],[-119.56801,34.4139],[-119.56318,34.41479],[-119.55569,34.41045],[-119.53684,34.39558],[-119.52943,34.39481],[-119.52069,34.39069],[-119.51681,34.38694],[-119.50251,34.38434],[-119.49486,34.384],[-119.48817,34.38112],[-119.48351,34.37863],[-119.47962,34.37446],[-119.4778,34.37258],[-119.47524,34.37239],[-119.47297,34.37389],[-119.4702,34.37581],[-119.46624,34.37502],[-119.46023,34.37404],[-119.45303,34.3684],[-119.44324,34.35482],[-119.43662,34.35573],[-119.42995,34.35347],[-119.41832,34.34238],[-119.40982,34.33617],[-119.40108,34.33057],[-119.39411,34.3226],[-119.39148,34.31844],[-119.38689,34.31807],[-119.38206,34.31937],[-119.37519,34.32027],[-119.37086,34.31967],[-119.3647,34.31573],[-119.35877,34.31009],[-119.34949,34.30407],[-119.3386,34.29048],[-119.32912,34.28593],[-119.32069,34.28264],[-119.31339,34.27713],[-119.30442,34.27236],[-119.29603,34.27432],[-119.28992,34.27458],[-119.28116,34.2687],[-119.2693,34.25496],[-119.26716,34.24453],[-119.26391,34.23505],[-119.25886,34.23335],[-119.26336,34.22658],[-119.26019,34.21712],[-119.25267,34.20392],[-119.24397,34.19009],[-119.23716,34.17687],[-119.23116,34.16734],[-119.22608,34.15913],[-119.2247,34.15708],[-119.2208,34.15317],[-119.21709,34.1455],[-119.21482,34.14571],[-119.21099,34.14799],[-119.21014,34.15231],[-119.20832,34.15232],[-119.20466,34.14954],[-119.2042,34.14841],[-119.20575,34.14576],[-119.20438,34.1441],[-119.1937,34.14174],[-119.15376,34.11633],[-119.12865,34.10055],[-119.10648,34.09447],[-119.10065,34.09896],[-119.11433,34.10179],[-119.11959,34.10374],[-119.11978,34.10613],[-119.11705,34.10642],[-119.10016,34.10281],[-119.0897,34.10048],[-119.0609,34.08553],[-119.03826,34.08364],[-119.00808,34.06612],[-118.99737,34.06565],[-118.9775,34.05957],[-118.95404,34.04786],[-118.93681,34.0432],[-118.93001,34.0459],[-118.9209,34.0443],[-118.91469,34.04064],[-118.90267,34.04015],[-118.89422,34.03856],[-118.87572,34.03755],[-118.86266,34.03443],[-118.8526,34.03366],[-118.82981,34.02082],[-118.80697,33.99941],[-118.80406,34.00104],[-118.80277,34.0048],[-118.79661,34.00671],[-118.7937,34.00727],[-118.79275,34.01157],[-118.78921,34.01456],[-118.78793,34.01966],[-118.7834,34.02184],[-118.77302,34.02376],[-118.75614,34.02572],[-118.74839,34.03189],[-118.73053,34.03254],[-118.70678,34.02943],[-118.69316,34.03188],[-118.68014,34.03033],[-118.6782,34.03303],[-118.67566,34.03812],[-118.66659,34.03894],[-118.63694,34.03639],[-118.60927,34.03565],[-118.6034,34.03882],[-118.59074,34.03909],[-118.58263,34.03653],[-118.57062,34.04111],[-118.5573,34.03788],[-118.54406,34.03889],[-118.51407,34.02216],[-118.48266,33.99901],[-118.44465,33.94941],[-118.42495,33.90551],[-118.40992,33.87342],[-118.39967,33.85127],[-118.39721,33.84402],[-118.39139,33.83594],[-118.3918,33.81765],[-118.39572,33.80565],[-118.40864,33.798],[-118.4093,33.79112],[-118.42182,33.78394],[-118.42757,33.77373],[-118.42278,33.7638],[-118.41522,33.75441],[-118.41204,33.74168],[-118.40481,33.74005],[-118.40136,33.73556],[-118.39419,33.73669],[-118.385,33.74012],[-118.37608,33.73716],[-118.36229,33.73569],[-118.35482,33.72626],[-118.33146,33.72005],[-118.31752,33.71399],[-118.30088,33.70985],[-118.29131,33.70321],[-118.28269,33.708],[-118.27608,33.70771],[-118.28173,33.71168],[-118.28244,33.71624],[-118.27221,33.71528],[-118.27447,33.72375],[-118.27832,33.73875],[-118.27379,33.75029],[-118.27677,33.75662],[-118.26951,33.7536],[-118.26037,33.7604],[-118.25455,33.7654],[-118.25009,33.76368],[-118.24034,33.76758],[-118.2307,33.76911],[-118.22151,33.7709],[-118.21383,33.74904],[-118.20973,33.74229],[-118.20275,33.74658],[-118.20248,33.73927],[-118.19286,33.73173],[-118.18519,33.73237],[-118.18662,33.74148],[-118.1925,33.75231],[-118.20721,33.76383],[-118.19897,33.76404],[-118.18553,33.75751],[-118.17364,33.76328],[-118.15258,33.75877],[-118.11739,33.74361],[-118.09054,33.73098],[-117.97851,33.63597],[-117.93022,33.60792],[-117.88025,33.59288],[-117.82457,33.56167],[-117.77652,33.52936],[-117.73522,33.48477],[-117.7152,33.47484],[-117.67073,33.4523],[-117.65437,33.44196],[-117.5963,33.39045],[-117.50884,33.33521],[-117.36191,33.16594],[-117.32216,33.1085],[-117.29808,33.0359],[-117.28604,33.02387],[-117.27956,33.00722],[-117.27705,33.0]],[[-118.54932,33.0],[-118.54979,33.00158],[-118.56018,33.00633],[-118.56547,33.01841],[-118.56437,33.02376],[-118.57716,33.03246],[-118.58986,33.02997],[-118.59569,33.03528],[-118.60722,33.03086],[-118.60824,33.01438],[-118.59376,33.01395],[-118.58675,33.00333],[-118.58529,33.0]],[[-119.47294,33.21532],[-119.46859,33.21629],[-119.45658,33.21598],[-119.44681,33.2193],[-119.43918,33.21984],[-119.43434,33.22401],[-119.43446,33.23132],[-119.44339,33.24217],[-119.4622,33.25654],[-119.48253,33.2636],[-119.4886,33.26719],[-119.49785,33.26612],[-119.51334,33.27646],[-119.5321,33.28628],[-119.54289,33.28018],[-119.55058,33.28012],[-119.56245,33.27174],[-119.57789,33.27931],[-119.57893,33.2761],[-119.5727,33.26476],[-119.57423,33.2588],[-119.567,33.2525],[-119.56691,33.24747],[-119.54419,33.23132],[-119.52338,33.22793],[-119.5151,33.2221],[-119.50251,33.22089],[-119.49537,33.21733],[-119.49102,33.21875],[-119.48718,33.21789],[-119.47294,33.21532]],[[-118.30867,33.33642],[-118.31725,33.34343],[-118.32276,33.34313],[-118.32634,33.34461],[-118.32651,33.3489],[-118.33176,33.35911],[-118.34363,33.36676],[-118.35513,33.37735],[-118.36338,33.38828],[-118.36829,33.389],[-118.36958,33.39485],[-118.36691,33.39888],[-118.3683,33.4051],[-118.36921,33.40839],[-118.37403,33.41021],[-118.37937,33.41018],[-118.3826,33.41053],[-118.3891,33.41746],[-118.39445,33.41596],[-118.42112,33.42795],[-118.42944,33.42828],[-118.43385,33.42716],[-118.43731,33.42936],[-118.44479,33.42858],[-118.45005,33.43186],[-118.45754,33.43511],[-118.46282,33.43984],[-118.46808,33.44241],[-118.4725,33.44196],[-118.4769,33.44745],[-118.48433,33.44709],[-118.48564,33.44488],[-118.49044,33.44342],[-118.49306,33.44159],[-118.49877,33.44267],[-118.49968,33.44815],[-118.49971,33.45181],[-118.50806,33.45468],[-118.51775,33.45978],[-118.52438,33.46671],[-118.5301,33.46998],[-118.53586,33.47728],[-118.54067,33.47578],[-118.54594,33.47503],[-118.56344,33.47343],[-118.56962,33.47454],[-118.578,33.47635],[-118.58678,33.47557],[-118.59687,33.47697],[-118.60391,33.47659],[-118.60212,33.47147],[-118.59588,33.46671],[-118.58961,33.4601],[-118.58438,33.45286],[-118.57905,33.44848],[-118.57412,33.44661],[-118.57373,33.44046],[-118.57285,33.43791],[-118.56674,33.43686],[-118.55923,33.43285],[-118.55089,33.43325],[-118.54299,33.43292],[-118.53508,33.42931],[-118.53067,33.42858],[-118.52079,33.42751],[-118.51565,33.42301],[-118.5105,33.42394],[-118.50391,33.42322],[-118.49776,33.42143],[-118.49073,33.41963],[-118.48635,33.41597],[-118.48715,33.4083],[-118.48452,33.40538],[-118.48723,33.40281],[-118.47932,33.38675],[-118.47487,33.38237],[-118.48007,33.38014],[-118.48616,33.37243],[-118.4844,33.36841],[-118.48958,33.3585],[-118.48424,33.34607],[-118.47277,33.33294],[-118.46359,33.32351],[-118.44383,33.31883],[-118.42266,33.31663],[-118.41047,33.32037],[-118.3961,33.3201],[-118.3748,33.31951],[-118.364,33.31505],[-118.35495,33.31294],[-118.34602,33.30523],[-118.32603,33.29863],[-118.31471,33.30163],[-118.31213,33.30554],[-118.30434,33.30904],[-118.31058,33.31423],[-118.30785,33.31872],[-118.30434,33.31927],[-118.30867,33.33642]],[[-119.027,33.47573],[-119.02885,33.48057],[-119.02896,33.48394],[-119.0301,33.48912],[-119.03059,33.48888],[-119.03059,33.48961],[-119.03696,33.48349],[-119.04715,33.48399],[-119.04812,33.48078],[-119.04405,33.47782],[-119.04308,33.47148],[-119.03944,33.46777],[-119.03806,33.46479],[-119.03136,33.46635],[-119.03145,33.47345],[-119.027,33.47573]],[[-118.23635,33.72805],[-118.24388,33.75084],[-118.22392,33.75607],[-118.22658,33.76545],[-118.23468,33.76315],[-118.24555,33.75968],[-118.25032,33.75756],[-118.25499,33.75808],[-118.26751,33.74703],[-118.27086,33.73964],[-118.26862,33.72893],[-118.26056,33.73345],[-118.25111,33.73627],[-118.25385,33.74622],[-118.24899,33.74943],[-118.24432,33.73429],[-118.25913,33.72941],[-118.26133,33.725],[-118.25763,33.71655],[-118.24557,33.71488],[-118.25013,33.72362],[-118.23635,33.72805]],[[-120.10901,33.89974],[-120.1013,33.90689],[-120.08063,33.90636],[-120.07129,33.91179],[-120.04969,33.91478],[-120.01895,33.93415],[-119.99963,33.94148],[-119.96883,33.94112],[-119.97069,33.95293],[-119.97878,33.95937],[-119.98041,33.98347],[-120.00834,33.97903],[-120.03397,33.98958],[-120.047,34.00381],[-120.04994,34.01561],[-120.04232,34.02808],[-120.04414,34.03727],[-120.05787,34.03778],[-120.07248,34.02489],[-120.09667,34.01786],[-120.1361,34.02473],[-120.14548,34.0245],[-120.15849,34.01595],[-120.17096,34.00741],[-120.18582,34.00892],[-120.20106,34.0047],[-120.21762,34.01054],[-120.23656,34.0088],[-120.24852,34.00113],[-120.23718,33.99171],[-120.22549,33.98846],[-120.21936,33.97672],[-120.21024,33.97249],[-120.19808,33.9521],[-120.18943,33.9448],[-120.18447,33.93742],[-120.17561,33.92223],[-120.15264,33.91169],[-120.1334,33.90282],[-120.12421,33.89509],[-120.10989,33.89314],[-120.10901,33.89974]],[[-120.36044,34.01476],[-120.35123,34.01902],[-120.32961,34.01863],[-120.3083,34.0182],[-120.30656,34.0264],[-120.31131,34.03448],[-120.31833,34.04006],[-120.3303,34.04717],[-120.33577,34.0487],[-120.34458,34.04649],[-120.35602,34.04708],[-120.36069,34.0531],[-120.35626,34.05851],[-120.35897,34.06497],[-120.36221,34.07168],[-120.36907,34.07623],[-120.36898,34.07131],[-120.38001,34.0609],[-120.39404,34.05329],[-120.40341,34.05146],[-120.41527,34.0545],[-120.43797,34.03854],[-120.4492,34.03587],[-120.44609,34.03022],[-120.4382,34.02956],[-120.42377,34.02495],[-120.41519,34.03247],[-120.40623,34.03141],[-120.39277,34.02597],[-120.38238,34.02413],[-120.37382,34.01776],[-120.36044,34.01476]],[[-119.92847,34.0558],[-119.92155,34.05468],[-119.91912,34.05754],[-119.91356,34.05589],[-119.89918,34.0496],[-119.88625,34.03811],[-119.87722,34.03248],[-119.87708,34.02439],[-119.88707,34.00878],[-119.88437,34.00184],[-119.88126,33.99135],[-119.87411,33.98005],[-119.86671,33.97893],[-119.85077,33.96738],[-119.8405,33.96957],[-119.8252,33.96653],[-119.8172,33.95934],[-119.80157,33.96321],[-119.78825,33.95977],[-119.77205,33.9596],[-119.75924,33.95734],[-119.75347,33.9623],[-119.74221,33.96245],[-119.71951,33.95913],[-119.71269,33.96167],[-119.70648,33.96867],[-119.70017,33.96874],[-119.68495,33.97387],[-119.68212,33.97633],[-119.67328,33.9781],[-119.66705,33.98305],[-119.65768,33.98606],[-119.64546,33.98621],[-119.62482,33.98732],[-119.5895,33.98901],[-119.58033,33.99359],[-119.55952,33.99431],[-119.54783,34.00385],[-119.54453,34.01362],[-119.54267,34.02016],[-119.52943,34.02525],[-119.52149,34.03429],[-119.53252,34.04142],[-119.56493,34.05532],[-119.57541,34.05068],[-119.58864,34.04971],[-119.61008,34.03965],[-119.60793,34.02947],[-119.61564,34.01954],[-119.63318,34.01364],[-119.6544,34.01908],[-119.66664,34.01676],[-119.67702,34.02075],[-119.68536,34.01987],[-119.69238,34.02822],[-119.7038,34.03456],[-119.71184,34.04225],[-119.73215,34.04856],[-119.73701,34.04643],[-119.74429,34.05215],[-119.75283,34.05228],[-119.75926,34.05581],[-119.77785,34.05586],[-119.78774,34.05619],[-119.807,34.05195],[-119.82437,34.05508],[-119.83516,34.06359],[-119.85641,34.07055],[-119.88704,34.0743],[-119.90463,34.0743],[-119.91722,34.07882],[-119.92102,34.07345],[-119.92429,34.06686],[-119.93302,34.06023],[-119.92847,34.0558]],[[-119.36422,34.01754],[-119.38158,34.01122],[-119.3923,34.00631],[-119.41134,34.00941],[-119.41911,34.01486],[-119.43421,34.01556],[-119.43923,34.0147],[-119.44498,34.01404],[-119.43914,34.01009],[-119.43,34.00806],[-119.42371,34.00476],[-119.41389,34.00625],[-119.39007,34.00217],[-119.37772,34.01027],[-119.35693,34.01568],[-119.36422,34.01754]],[[-123.00569,37.69135],[-123.00186,37.70104],[-123.003,37.69998],[-123.00235,37.70156],[-123.00772,37.69656],[-123.00556,37.69375],[-123.00621,37.69188],[-123.00544,37.69375],[-123.00503,37.69318],[-123.00569,37.69135]],[[-122.36981,37.80946],[-122.36351,37.80724],[-122.35968,37.8095],[-122.36169,37.81343],[-122.3667,37.81241],[-122.36909,37.81663],[-122.36278,37.82055],[-122.3677,37.83154],[-122.37283,37.8328],[-122.37915,37.82916],[-122.37624,37.82182],[-122.37198,37.81653],[-122.36981,37.80946]],[[-122.43639,37.85269],[-122.42846,37.8544],[-122.41919,37.85388],[-122.41786,37.86307],[-122.42518,37.8714],[-122.43457,37.87109],[-122.43692,37.86815],[-122.44156,37.86848],[-122.44408,37.86412],[-122.44335,37.8559],[-122.44286,37.8557],[-122.44282,37.85537],[-122.43639,37.85269]]]}},{"type":"Feature","properties":{"region":"wa","kind":"ocean"},"geometry":{"type":"Polygon","coordinates":[[[-123.2,46.7],[-120.7,46.7],[-120.7,48.5],[-123.2,48.5],[-123.2,46.7]],[[-120.4,46.4],[-120.4,48.8],[-122.70275,48.8],[-122.7049,48.78791],[-122.69649,48.8],[-122.69397,48.8],[-122.67699,48.79344],[-122.65819,48.77733],[-122.64965,48.76366],[-122.6529,48.75829],[-122.6669,48.74811],[-122.67016,48.74291],[-122.66735,48.73188],[-122.66015,48.72256],[-122.65038,48.71817],[-122.63972,48.7224],[-122.60977,48.75861],[-122.59362,48.77412],[-122.57453,48.78046],[-122.55468,48.77733],[-122.52994,48.76862],[-122.50862,48.75568],[-122.49885,48.73949],[-122.52111,48.70905],[-122.52514,48.69229],[-122.50255,48.68488],[-122.50304,48.67963],[-122.49714,48.65355],[-122.49258,48.64326],[-122.48412,48.63475],[-122.47533,48.63125],[-122.46646,48.62873],[-122.45788,48.62344],[-122.44433,48.60326],[-122.4403,48.58072],[-122.44762,48.56216],[-122.46809,48.55451],[-122.48534,48.5598],[-122.52514,48.5832],[-122.54662,48.58869],[-122.56701,48.58535],[-122.55602,48.57661],[-122.51586,48.5576],[-122.50353,48.54365],[-122.49425,48.52936],[-122.48839,48.51293],[-122.48518,48.48627],[-122.48282,48.47651],[-122.48013,48.47028],[-122.48082,48.4641],[-122.48888,48.4549],[-122.5006,48.45043],[-122.51427,48.45319],[-122.52721,48.46035],[-122.55101,48.48151],[-122.56835,48.48949],[-122.58088,48.48452],[-122.58072,48.45832],[-122.59704,48.47455],[-122.61327,48.50031],[-122.63305,48.51626],[-122.6599,48.503],[-122.67247,48.49897],[-122.68908,48.49982],[-122.70238,48.49799],[-122.7049,48.48627],[-122.69701,48.48135],[-122.68293,48.47919],[-122.66934,48.47281],[-122.66332,48.4549],[-122.66877,48.44526],[-122.67858,48.43887],[-122.68346,48.43016],[-122.67357,48.41364],[-122.66177,48.40624],[-122.6466,48.40375],[-122.63036,48.40534],[-122.61555,48.4099],[-122.60778,48.416],[-122.5917,48.43407],[-122.58446,48.43781],[-122.57421,48.43708],[-122.55895,48.43403],[-122.55207,48.42788],[-122.56705,48.41739],[-122.56705,48.4099],[-122.55354,48.40131],[-122.53376,48.37466],[-122.52269,48.36896],[-122.50621,48.36799],[-122.49136,48.36506],[-122.47863,48.35981],[-122.45515,48.34247],[-122.42536,48.33023],[-122.39175,48.30976],[-122.38585,48.30378],[-122.38183,48.29682],[-122.37938,48.28596],[-122.37531,48.28075],[-122.39061,48.2602],[-122.39371,48.24999],[-122.38899,48.23981],[-122.40079,48.23526],[-122.40966,48.2414],[-122.41837,48.25153],[-122.42992,48.2591],[-122.44591,48.26105],[-122.46516,48.25996],[-122.49885,48.25288],[-122.53395,48.24968],[-122.53124,48.21988],[-122.53327,48.19611],[-122.52611,48.17097],[-122.51037,48.14745],[-122.48965,48.13044],[-122.40563,48.0878],[-122.39639,48.08153],[-122.37743,48.06025],[-122.36604,48.0539],[-122.34801,48.05427],[-122.36913,48.08568],[-122.3841,48.10147],[-122.39981,48.10822],[-122.41462,48.11249],[-122.43212,48.12246],[-122.44807,48.13418],[-122.45788,48.14362],[-122.46573,48.15908],[-122.46947,48.17707],[-122.46662,48.19204],[-122.44612,48.20222],[-122.44896,48.22285],[-122.4442,48.23237],[-122.43594,48.23461],[-122.42837,48.23212],[-122.42186,48.22797],[-122.41686,48.22553],[-122.3756,48.2132],[-122.36571,48.19058],[-122.36775,48.15961],[-122.36229,48.1225],[-122.34016,48.09003],[-122.30773,48.06538],[-122.23811,48.02631],[-122.22159,48.03815],[-122.20751,48.03754],[-122.20177,48.03368],[-122.19351,48.03095],[-122.19172,48.02631],[-122.19628,48.02265],[-122.20084,48.01899],[-122.20735,48.01439],[-122.20914,47.9997],[-122.2128,47.9868],[-122.2329,47.97842],[-122.24161,47.97281],[-122.27717,47.96743],[-122.28572,47.96284],[-122.29271,47.95734],[-122.31265,47.94721],[-122.32042,47.94208],[-122.32453,47.93415],[-122.32457,47.92438],[-122.33422,47.91047],[-122.33698,47.89484],[-122.33971,47.87279],[-122.35261,47.85627],[-122.38219,47.83906],[-122.39192,47.82758],[-122.39948,47.81395],[-122.40437,47.79759],[-122.40612,47.7779],[-122.39835,47.76293],[-122.38756,47.75235],[-122.3839,47.73672],[-122.38109,47.72016],[-122.38467,47.70897],[-122.40038,47.69196],[-122.40681,47.68329],[-122.40929,47.67438],[-122.41369,47.66747],[-122.42516,47.66474],[-122.42878,47.66039],[-122.42333,47.65107],[-122.41348,47.64167],[-122.40404,47.6374],[-122.35936,47.62372],[-122.3452,47.61197],[-122.34,47.59894],[-122.34105,47.58295],[-122.34577,47.56232],[-122.35607,47.57128],[-122.36661,47.58568],[-122.37792,47.59618],[-122.39045,47.5937],[-122.40372,47.58198],[-122.40905,47.57494],[-122.40754,47.56607],[-122.38842,47.52082],[-122.38142,47.5102],[-122.37023,47.49714],[-122.36669,47.48534],[-122.36681,47.44221],[-122.36095,47.43],[-122.33365,47.40412],[-122.32527,47.39102],[-122.3236,47.37254],[-122.32848,47.35712],[-122.33947,47.34658],[-122.37214,47.34003],[-122.39127,47.33369],[-122.40941,47.32502],[-122.42203,47.31586],[-122.42955,47.30488],[-122.4276,47.29654],[-122.41755,47.28925],[-122.40038,47.28107],[-122.41861,47.26948],[-122.43309,47.26488],[-122.44848,47.26846],[-122.48542,47.29023],[-122.52038,47.30549],[-122.53751,47.31586],[-122.5371,47.27855],[-122.5502,47.24234],[-122.5716,47.2093],[-122.65233,47.12808],[-122.6859,47.1044],[-122.72248,47.0893],[-122.72643,47.10041],[-122.73575,47.11148],[-122.74816,47.12002],[-122.77278,47.12775],[-122.78205,47.13776],[-122.79011,47.14912],[-122.79821,47.15762],[-122.81713,47.16572],[-122.82266,47.1601],[-122.82152,47.1446],[-122.82095,47.14208],[-122.8308,47.13679],[-122.84553,47.13174],[-122.85969,47.13028],[-122.85261,47.13776],[-122.84797,47.14606],[-122.8474,47.15522],[-122.85285,47.16503],[-122.8924,47.14208],[-122.90123,47.13028],[-122.90119,47.11787],[-122.89647,47.10493],[-122.89582,47.0926],[-122.90807,47.08251],[-122.90022,47.07152],[-122.89297,47.05736],[-122.8933,47.04727],[-122.90807,47.04833],[-122.9182,47.05614],[-122.92565,47.07831],[-122.93541,47.0893],[-122.92931,47.09927],[-122.92732,47.10981],[-122.92931,47.12043],[-122.93541,47.13028],[-122.94587,47.10716],[-122.96459,47.08999],[-122.98746,47.081],[-123.01049,47.08251],[-122.99254,47.09089],[-122.97907,47.10151],[-122.93468,47.15998],[-122.93025,47.17447],[-122.94221,47.17805],[-122.96483,47.15095],[-122.9689,47.14769],[-122.97452,47.14643],[-123.05899,47.10269],[-123.07877,47.09614],[-123.0681,47.11249],[-123.0489,47.11823],[-123.02941,47.12153],[-123.01793,47.13028],[-123.02164,47.14444],[-123.04092,47.14423],[-123.06387,47.13711],[-123.07877,47.13028],[-123.06835,47.14594],[-123.04328,47.15445],[-122.99063,47.16503],[-122.96508,47.18114],[-122.94978,47.2023],[-122.92048,47.27802],[-122.9134,47.28531],[-122.89753,47.28791],[-122.88565,47.29133],[-122.87003,47.29926],[-122.84602,47.31586],[-122.83658,47.3343],[-122.82014,47.38329],[-122.80565,47.39777],[-122.81111,47.38378],[-122.80663,47.37653],[-122.79809,47.37149],[-122.79137,47.36433],[-122.78604,47.35041],[-122.78454,47.34276],[-122.78401,47.31525],[-122.78661,47.29609],[-122.79556,47.28067],[-122.81493,47.27432],[-122.81485,47.25088],[-122.7987,47.20498],[-122.77278,47.17308],[-122.74299,47.19172],[-122.74258,47.1979],[-122.74527,47.20498],[-122.74865,47.21068],[-122.7504,47.21284],[-122.74706,47.21699],[-122.74144,47.22232],[-122.73693,47.22455],[-122.73672,47.21967],[-122.73087,47.22801],[-122.72448,47.23261],[-122.7233,47.23847],[-122.74763,47.26728],[-122.75308,47.2812],[-122.74861,47.29536],[-122.73302,47.31245],[-122.72907,47.32062],[-122.72794,47.33063],[-122.72594,47.33906],[-122.71935,47.3426],[-122.71044,47.34516],[-122.70303,47.35122],[-122.69612,47.35847],[-122.68834,47.36433],[-122.65364,47.37653],[-122.64061,47.38597],[-122.63313,47.40461],[-122.62792,47.37995],[-122.63858,47.36323],[-122.65347,47.34919],[-122.66104,47.33259],[-122.6695,47.31948],[-122.68346,47.31037],[-122.68627,47.30121],[-122.66104,47.28791],[-122.58349,47.26423],[-122.56851,47.26406],[-122.557,47.28461],[-122.56066,47.30134],[-122.58593,47.33637],[-122.56867,47.34016],[-122.55525,47.34663],[-122.54507,47.35643],[-122.53751,47.37055],[-122.55622,47.39199],[-122.55163,47.41401],[-122.53832,47.43749],[-122.53067,47.46296],[-122.52269,47.48176],[-122.50959,47.50292],[-122.50792,47.52033],[-122.53409,47.52753],[-122.54162,47.54096],[-122.5432,47.5668],[-122.55313,47.5834],[-122.58593,47.56908],[-122.60705,47.55549],[-122.6302,47.54438],[-122.68151,47.52753],[-122.67593,47.53767],[-122.65689,47.55174],[-122.64737,47.56232],[-122.63899,47.57477],[-122.63915,47.57705],[-122.64684,47.57697],[-122.68155,47.59052],[-122.69001,47.59663],[-122.69579,47.61005],[-122.69693,47.62311],[-122.69457,47.6341],[-122.6892,47.64354],[-122.68151,47.65168],[-122.64379,47.59585],[-122.61693,47.57412],[-122.59215,47.58275],[-122.5996,47.59024],[-122.59215,47.59707],[-122.62841,47.69294],[-122.63313,47.69945],[-122.64192,47.70669],[-122.65099,47.71141],[-122.65811,47.71796],[-122.66104,47.73045],[-122.6516,47.73257],[-122.59586,47.69196],[-122.5797,47.69819],[-122.56469,47.71255],[-122.55578,47.72871],[-122.55797,47.74042],[-122.54109,47.74287],[-122.49291,47.73526],[-122.4829,47.73701],[-122.47973,47.74189],[-122.47346,47.74803],[-122.46837,47.75654],[-122.46923,47.76838],[-122.47517,47.77607],[-122.48453,47.78213],[-122.49503,47.78612],[-122.50402,47.78823],[-122.49006,47.80386],[-122.49376,47.81403],[-122.50422,47.82246],[-122.51024,47.83259],[-122.51647,47.86636],[-122.51769,47.88105],[-122.52807,47.9055],[-122.55337,47.92084],[-122.61319,47.94595],[-122.61099,47.93598],[-122.59215,47.91177],[-122.58829,47.90445],[-122.57144,47.85708],[-122.56652,47.83446],[-122.57095,47.81977],[-122.59215,47.82298],[-122.59699,47.83072],[-122.59415,47.83979],[-122.59569,47.84724],[-122.61319,47.85029],[-122.62365,47.84715],[-122.63488,47.83967],[-122.73375,47.74258],[-122.74279,47.72687],[-122.75707,47.68232],[-122.76354,47.66913],[-122.77538,47.66071],[-122.79821,47.65168],[-122.87328,47.63117],[-122.93545,47.60285],[-122.94905,47.59707],[-123.02261,47.52289],[-123.0633,47.45673],[-123.07258,47.44554],[-123.09935,47.41991],[-123.1105,47.4051],[-123.11351,47.39102],[-123.09187,47.36738],[-123.05224,47.36701],[-122.97631,47.39102],[-122.90705,47.42381],[-122.86775,47.43627],[-122.83918,47.43195],[-122.87157,47.40986],[-122.90514,47.39496],[-123.07413,47.34463],[-123.13024,47.34064],[-123.16128,47.35684],[-123.15844,47.37206],[-123.13337,47.4123],[-123.11937,47.44953],[-123.10131,47.46528],[-123.08056,47.47883],[-123.06509,47.49339],[-123.03295,47.54999],[-123.02107,47.56566],[-122.94176,47.63491],[-122.93033,47.64199],[-122.91804,47.64484],[-122.91002,47.65009],[-122.90396,47.67316],[-122.88663,47.68814],[-122.87621,47.71015],[-122.86193,47.73334],[-122.83918,47.74665],[-122.85827,47.77546],[-122.86636,47.79352],[-122.8671,47.80927],[-122.85643,47.82608],[-122.84679,47.8203],[-122.8404,47.80231],[-122.83918,47.78205],[-122.8216,47.79243],[-122.81847,47.81086],[-122.81729,47.83027],[-122.80565,47.84345],[-122.79894,47.80671],[-122.79979,47.77729],[-122.81802,47.71312],[-122.82921,47.69408],[-122.82848,47.68317],[-122.81188,47.67837],[-122.80036,47.67988],[-122.7893,47.68452],[-122.78108,47.69204],[-122.7777,47.70254],[-122.77522,47.71882],[-122.76867,47.73798],[-122.7504,47.77456],[-122.7364,47.79442],[-122.69205,47.83259],[-122.68391,47.84321],[-122.67642,47.86213],[-122.66784,47.87079],[-122.65807,47.8725],[-122.62824,47.87352],[-122.62011,47.87763],[-122.62621,47.88955],[-122.67809,47.9357],[-122.68253,47.94408],[-122.68566,47.9654],[-122.68834,47.97321],[-122.69538,47.97895],[-122.71434,47.98725],[-122.72248,47.99372],[-122.76464,48.04462],[-122.7709,48.05915],[-122.77538,48.06558],[-122.78449,48.07307],[-122.79198,48.08291],[-122.79137,48.09675],[-122.78454,48.10293],[-122.75988,48.11221],[-122.7504,48.11717],[-122.77017,48.1411],[-122.79491,48.14118],[-122.82384,48.13109],[-122.85627,48.12458],[-122.86832,48.11929],[-122.87776,48.10663],[-122.88166,48.09174],[-122.87706,48.07966],[-122.8369,48.04987],[-122.82486,48.03522],[-122.84138,48.00556],[-122.85436,47.99527],[-122.87328,47.99372],[-122.87328,48.00113],[-122.85338,48.01044],[-122.85729,48.02953],[-122.87255,48.04975],[-122.88695,48.06257],[-122.89973,48.06623],[-122.9108,48.06611],[-122.91877,48.07022],[-122.92174,48.08613],[-122.92748,48.09512],[-122.94107,48.09789],[-122.95694,48.09748],[-122.99913,48.09174],[-123.00573,48.07868],[-122.99682,48.03864],[-123.00788,48.03856],[-123.02969,48.04523],[-123.04528,48.05972],[-123.04045,48.08511],[-123.06303,48.1176],[-123.08918,48.12849],[-123.11181,48.14903],[-123.14571,48.15127],[-123.16128,48.15192],[-123.14447,48.16351],[-123.13072,48.17371],[-123.11802,48.17941],[-123.10825,48.18384],[-123.15003,48.1771],[-123.1706,48.16437],[-123.22362,48.12202],[-123.24693,48.11533],[-123.28746,48.11822],[-123.32233,48.11461],[-123.358,48.11742],[-123.42173,48.11783],[-123.44966,48.12511],[-123.45343,48.13155],[-123.44084,48.13406],[-123.4263,48.13719],[-123.40502,48.139],[-123.41851,48.1423],[-123.4359,48.14241],[-123.47561,48.13361],[-123.5,48.13281],[-123.5,46.4]],[[-123.5,48.38253],[-123.49625,48.38321],[-123.48021,48.39232],[-123.45336,48.43358],[-123.43733,48.44465],[-123.35705,48.40058],[-123.33039,48.40477],[-123.30248,48.41429],[-123.2871,48.42414],[-123.28063,48.44839],[-123.28718,48.46833],[-123.30224,48.4842],[-123.3212,48.49584],[-123.33707,48.50804],[-123.34577,48.52338],[-123.35534,48.56074],[-123.39004,48.62043],[-123.39322,48.62962],[-123.38866,48.63483],[-123.39029,48.64619],[-123.39415,48.65705],[-123.39635,48.66096],[-123.3968,48.6739],[-123.39924,48.68155],[-123.40538,48.68635],[-123.41682,48.69111],[-123.42829,48.69245],[-123.44603,48.69208],[-123.463,48.68964],[-123.47204,48.68488],[-123.47179,48.67243],[-123.46178,48.66323],[-123.43733,48.65009],[-123.47887,48.63646],[-123.47501,48.62124],[-123.47851,48.59081],[-123.47204,48.57502],[-123.5,48.55653]],[[-123.20368,48.8],[-123.20368,48.79438],[-123.20368,48.78449],[-123.18529,48.7746],[-123.17113,48.76895],[-123.15836,48.76325],[-123.13712,48.76463],[-123.12019,48.76463],[-123.10171,48.76187],[-123.08902,48.76752],[-123.07771,48.77603],[-123.07063,48.77879],[-123.05362,48.78311],[-123.04231,48.78449],[-123.04377,48.78876],[-123.05362,48.79584],[-123.09044,48.79865],[-123.11493,48.8]],[[-122.91755,48.76321],[-122.91751,48.76179],[-122.9195,48.7617],[-122.92243,48.76142],[-122.91873,48.75544],[-122.9143,48.75279],[-122.91633,48.75174],[-122.91291,48.75019],[-122.90587,48.74787],[-122.90376,48.74978],[-122.90673,48.75226],[-122.9042,48.75206],[-122.89883,48.74848],[-122.88675,48.7471],[-122.89936,48.75772],[-122.90339,48.75625],[-122.9123,48.76081],[-122.90416,48.76451],[-122.89525,48.76476],[-122.88284,48.76264],[-122.89297,48.76866],[-122.90734,48.77078],[-122.92036,48.76826],[-122.92105,48.76455],[-122.91755,48.76321]],[[-123.18244,48.74348],[-123.1881,48.75617],[-123.20226,48.75898],[-123.21923,48.76187],[-123.24047,48.76187],[-123.2504,48.7661],[-123.24901,48.77741],[-123.25182,48.79019],[-123.26593,48.8],[-123.31493,48.8],[-123.31127,48.79727],[-123.31127,48.78876],[-123.31127,48.77171],[-123.307,48.76463],[-123.29149,48.75617],[-123.28295,48.7519],[-123.25748,48.7392],[-123.24047,48.7364],[-123.22492,48.73493],[-123.19945,48.73212],[-123.18668,48.7364]],[[-122.71516,48.73908],[-122.72029,48.72492],[-122.71654,48.71524],[-122.70311,48.70791],[-122.67943,48.68818],[-122.66222,48.67031],[-122.65514,48.66474],[-122.63362,48.65168],[-122.62047,48.64594],[-122.61315,48.64842],[-122.61535,48.65864],[-122.62141,48.66852],[-122.62841,48.67707],[-122.63516,48.68329],[-122.64737,48.69074],[-122.66234,48.6977],[-122.67138,48.70482],[-122.69848,48.73469],[-122.71516,48.73908]],[[-122.62125,48.71735],[-122.61889,48.70909],[-122.62145,48.70751],[-122.62877,48.70759],[-122.63325,48.71019],[-122.64562,48.70909],[-122.6538,48.71031],[-122.64485,48.70458],[-122.62072,48.69164],[-122.61209,48.69554],[-122.61075,48.71039],[-122.61494,48.71593],[-122.62239,48.71975],[-122.62125,48.71735]],[[-122.85782,48.70869],[-122.89664,48.71214],[-122.91796,48.71141],[-122.92931,48.70844],[-122.97777,48.66779],[-122.98884,48.66437],[-122.99714,48.66059],[-123.0209,48.64248],[-123.02636,48.63646],[-123.02652,48.62653],[-123.02221,48.61839],[-123.00963,48.60541],[-122.99706,48.59715],[-122.98961,48.60464],[-122.98624,48.61933],[-122.98546,48.63304],[-122.98009,48.63862],[-122.96841,48.63459],[-122.95128,48.62344],[-122.94587,48.61408],[-122.9414,48.60261],[-122.93334,48.59276],[-122.91714,48.58869],[-122.88752,48.58999],[-122.87438,48.59374],[-122.86193,48.60171],[-122.91031,48.65754],[-122.90563,48.66608],[-122.90612,48.67109],[-122.90876,48.67695],[-122.91031,48.68797],[-122.90591,48.69733],[-122.89635,48.69977],[-122.88679,48.69628],[-122.88239,48.68797],[-122.87987,48.67719],[-122.86587,48.6496],[-122.84138,48.62092],[-122.83113,48.6127],[-122.82095,48.60912],[-122.80895,48.61127],[-122.80541,48.61689],[-122.80451,48.62372],[-122.80045,48.62962],[-122.75723,48.65005],[-122.75088,48.65473],[-122.74584,48.66437],[-122.85782,48.70869]],[[-122.68212,48.6127],[-122.66373,48.60753],[-122.66466,48.6164],[-122.66808,48.62307],[-122.67386,48.6267],[-122.69298,48.62527],[-122.70014,48.62316],[-122.68212,48.6127]],[[-122.73542,48.5904],[-122.73705,48.57713],[-122.72289,48.54816],[-122.71434,48.54194],[-122.70303,48.5419],[-122.69408,48.54352],[-122.68806,48.54702],[-122.6859,48.55695],[-122.67927,48.56452],[-122.67455,48.56879],[-122.67846,48.5729],[-122.69371,48.58592],[-122.6964,48.59227],[-122.70287,48.60041],[-122.71548,48.60602],[-122.7268,48.60151],[-122.73542,48.5904]],[[-122.65477,48.54348],[-122.6435,48.52981],[-122.62418,48.52932],[-122.60253,48.53592],[-122.59431,48.53657],[-122.58507,48.53181],[-122.57934,48.5325],[-122.57848,48.54003],[-122.58161,48.54861],[-122.62654,48.57079],[-122.64192,48.58588],[-122.64908,48.5878],[-122.65331,48.58019],[-122.65364,48.57152],[-122.65066,48.56733],[-122.65477,48.54348]],[[-122.86075,48.53962],[-122.87702,48.56586],[-122.88707,48.56367],[-122.91031,48.54706],[-122.91246,48.54173],[-122.91698,48.53364],[-122.91625,48.52387],[-122.91031,48.51358],[-122.92488,48.50715],[-122.937,48.49323],[-122.94253,48.47578],[-122.93761,48.45832],[-122.92138,48.451],[-122.89867,48.4479],[-122.88345,48.44147],[-122.88988,48.42414],[-122.82775,48.41739],[-122.8131,48.42731],[-122.80614,48.44204],[-122.80834,48.4582],[-122.82095,48.4726],[-122.83629,48.45995],[-122.84935,48.46162],[-122.85847,48.47285],[-122.86193,48.48933],[-122.85904,48.52131],[-122.86075,48.53962]],[[-122.82352,48.48168],[-122.82006,48.48078],[-122.81876,48.48147],[-122.81623,48.48587],[-122.80281,48.49417],[-122.79068,48.50739],[-122.78856,48.51101],[-122.79109,48.51158],[-122.79548,48.51472],[-122.79353,48.52086],[-122.79117,48.52371],[-122.82339,48.52464],[-122.83275,48.51935],[-122.83845,48.51435],[-122.83873,48.51114],[-122.83003,48.50568],[-122.82628,48.50165],[-122.82242,48.49954],[-122.82014,48.49441],[-122.82352,48.48168]],[[-123.22655,48.42585],[-123.23884,48.43012],[-123.24828,48.42943],[-123.25109,48.4252],[-123.24344,48.41966],[-123.2399,48.41946],[-123.23908,48.42015],[-123.23868,48.42133],[-123.23713,48.42215],[-123.23493,48.42259],[-123.22867,48.42259],[-123.22655,48.42585]],[[-123.01647,48.45148],[-123.00162,48.45311],[-122.99039,48.45588],[-122.97932,48.45637],[-122.96496,48.45148],[-122.96496,48.45832],[-122.9829,48.46361],[-122.99132,48.46768],[-122.99913,48.4726],[-123.01684,48.49665],[-123.02017,48.49934],[-123.01659,48.51142],[-123.01057,48.51162],[-123.00235,48.50918],[-122.99226,48.51358],[-122.97997,48.52513],[-122.97765,48.53132],[-123.0043,48.53946],[-123.02465,48.56281],[-123.05777,48.5729],[-123.07665,48.58405],[-123.09382,48.5976],[-123.10212,48.60912],[-123.12914,48.62006],[-123.15844,48.61457],[-123.17756,48.59882],[-123.17414,48.57844],[-123.17394,48.57343],[-123.16657,48.54352],[-123.15445,48.51313],[-123.14916,48.5056],[-123.13931,48.49584],[-123.12971,48.48973],[-123.11636,48.4842],[-123.10265,48.48029],[-123.09162,48.47883],[-123.07038,48.48013],[-123.06542,48.4785],[-123.0537,48.4726],[-123.04528,48.46638],[-123.03844,48.45942],[-123.03002,48.4538],[-123.01647,48.45148]],[[-123.34935,48.58824],[-123.33816,48.5937],[-123.34134,48.60541],[-123.3474,48.60627],[-123.35493,48.61384],[-123.37263,48.61628],[-123.37629,48.61803],[-123.37426,48.61327],[-123.36754,48.61062],[-123.36136,48.60749],[-123.35546,48.60187],[-123.35367,48.59805],[-123.35578,48.59736],[-123.35855,48.5985],[-123.35656,48.59341],[-123.35176,48.58881],[-123.35143,48.5882],[-123.34935,48.58824]],[[-123.30289,48.59699],[-123.28795,48.59125],[-123.28034,48.6013],[-123.28311,48.61127],[-123.28694,48.6127],[-123.29459,48.61457],[-123.30529,48.6188],[-123.31697,48.62897],[-123.32681,48.64004],[-123.33747,48.64842],[-123.33861,48.64647],[-123.33194,48.63443],[-123.33267,48.62954],[-123.338,48.63422],[-123.33666,48.63109],[-123.32535,48.61933],[-123.31265,48.60847],[-123.30289,48.59699]],[[-123.1409,48.63805],[-123.10847,48.6343],[-123.10814,48.63524],[-123.11071,48.63727],[-123.11376,48.63805],[-123.12096,48.64147],[-123.13211,48.64366],[-123.1468,48.6468],[-123.15221,48.64846],[-123.16324,48.65013],[-123.16401,48.64627],[-123.15038,48.64228],[-123.1409,48.63805]],[[-122.98514,48.55504],[-122.95165,48.54751],[-122.94546,48.55109],[-122.94453,48.55707],[-122.94302,48.56049],[-122.93961,48.56293],[-122.93472,48.56391],[-122.92837,48.56338],[-122.92439,48.56391],[-122.92121,48.56505],[-122.91605,48.56818],[-122.91108,48.57754],[-122.91442,48.5847],[-122.923,48.58535],[-122.92943,48.58442],[-122.93293,48.58177],[-122.93318,48.57734],[-122.93688,48.57575],[-122.94095,48.57994],[-122.94026,48.58503],[-122.94127,48.5871],[-122.96007,48.58971],[-122.96996,48.59475],[-123.00247,48.58653],[-123.01443,48.58625],[-123.01578,48.58234],[-123.01106,48.57909],[-122.99909,48.57762],[-122.99503,48.57591],[-122.98396,48.56513],[-122.98314,48.56204],[-122.98733,48.56049],[-122.98514,48.55504]],[[-123.18696,48.66783],[-123.19555,48.67064],[-123.19774,48.67284],[-123.19009,48.67239],[-123.17943,48.66861],[-123.17231,48.66861],[-123.16889,48.67296],[-123.17085,48.67735],[-123.17435,48.68032],[-123.17825,48.68081],[-123.1872,48.6756],[-123.19392,48.67601],[-123.20653,48.68089],[-123.20844,48.68374],[-123.21532,48.68867],[-123.23135,48.69062],[-123.23913,48.68675],[-123.23563,48.68012],[-123.18973,48.65986],[-123.18411,48.66254],[-123.18696,48.66783]],[[-123.04328,48.69335],[-123.04178,48.67857],[-123.03726,48.67691],[-123.01285,48.68761],[-123.00837,48.69237],[-123.00841,48.69733],[-123.00976,48.71662],[-123.0146,48.72158],[-123.04149,48.71686],[-123.04658,48.71251],[-123.0594,48.70567],[-123.06583,48.70038],[-123.04646,48.69501],[-123.04328,48.69335]],[[-123.29438,48.71625],[-123.30236,48.72276],[-123.3109,48.73058],[-123.32303,48.73123],[-123.32787,48.73184],[-123.32999,48.72964],[-123.32921,48.72635],[-123.33401,48.71927],[-123.32962,48.71593],[-123.32063,48.7071],[-123.30472,48.70034],[-123.29975,48.69912],[-123.29947,48.69973],[-123.30069,48.70189],[-123.29703,48.7049],[-123.29438,48.71625]],[[-123.48209,48.71223],[-123.46101,48.7154],[-123.44042,48.72211],[-123.42764,48.72956],[-123.42854,48.73835],[-123.45149,48.75947],[-123.4584,48.7674],[-123.40758,48.75406],[-123.38231,48.75617],[-123.36901,48.77424],[-123.41813,48.8],[-123.5,48.8],[-123.5,48.71809],[-123.49625,48.71556]],[[-123.37475,48.71564],[-123.3745,48.7141],[-123.3723,48.71442],[-123.37291,48.71686],[-123.36657,48.7213],[-123.36164,48.72683],[-123.36311,48.73082],[-123.3673,48.73509],[-123.37263,48.73485],[-123.3778,48.73648],[-123.38028,48.7305],[-123.38589,48.72635],[-123.38817,48.72521],[-123.38207,48.7187],[-123.37475,48.71564]],[[-122.59577,48.40192],[-122.60546,48.39842],[-122.61669,48.38959],[-122.63085,48.38467],[-122.65656,48.38508],[-122.66845,48.36286],[-122.75121,48.24995],[-122.75573,48.22964],[-122.74413,48.20588],[-122.73615,48.19965],[-122.72354,48.19269],[-122.71011,48.18708],[-122.69978,48.18476],[-122.69323,48.18024],[-122.66845,48.15058],[-122.6444,48.16144],[-122.62295,48.16332],[-122.60725,48.15375],[-122.60017,48.13011],[-122.61486,48.0749],[-122.60977,48.06049],[-122.59215,48.04206],[-122.59333,48.02538],[-122.58019,48.00487],[-122.562,47.98737],[-122.54809,47.97997],[-122.53921,47.97215],[-122.53034,47.96735],[-122.51769,47.96629],[-122.50707,47.97085],[-122.48851,47.98509],[-122.47606,47.98688],[-122.46052,47.97785],[-122.4497,47.95946],[-122.44335,47.93692],[-122.44131,47.91547],[-122.43541,47.91047],[-122.42227,47.91234],[-122.40038,47.91918],[-122.39582,47.91649],[-122.39468,47.91035],[-122.39297,47.9051],[-122.38671,47.90493],[-122.38191,47.90778],[-122.37849,47.9147],[-122.37365,47.91918],[-122.35521,47.94196],[-122.34948,47.94595],[-122.34679,47.95059],[-122.35066,47.96092],[-122.35936,47.97663],[-122.36555,47.99966],[-122.38109,48.01581],[-122.46003,48.05345],[-122.47696,48.06525],[-122.49315,48.07966],[-122.51403,48.09077],[-122.52404,48.07941],[-122.52286,48.05707],[-122.51024,48.03522],[-122.52204,48.01195],[-122.53551,48.00593],[-122.54662,48.01704],[-122.5546,48.06607],[-122.55866,48.12132],[-122.57103,48.16625],[-122.58064,48.18846],[-122.59553,48.20539],[-122.61693,48.21206],[-122.62833,48.2143],[-122.65193,48.22407],[-122.66503,48.22639],[-122.69612,48.22016],[-122.71007,48.22142],[-122.7237,48.23379],[-122.66592,48.24217],[-122.65136,48.24995],[-122.64855,48.26264],[-122.6468,48.28083],[-122.64127,48.28799],[-122.62743,48.26728],[-122.62035,48.28193],[-122.609,48.29914],[-122.59398,48.30793],[-122.57592,48.29767],[-122.56212,48.2862],[-122.54638,48.2814],[-122.53087,48.28384],[-122.51757,48.29401],[-122.51598,48.32197],[-122.57771,48.35668],[-122.57901,48.37714],[-122.58288,48.38032],[-122.58458,48.38337],[-122.5865,48.39081],[-122.59577,48.40192]],[[-122.70116,48.0976],[-122.70922,48.10224],[-122.7189,48.10224],[-122.72932,48.09675],[-122.71198,48.08364],[-122.70165,48.0644],[-122.70198,48.04922],[-122.7163,48.04829],[-122.72033,48.05475],[-122.72301,48.07624],[-122.72932,48.08299],[-122.73892,48.08251],[-122.74087,48.07437],[-122.73672,48.05573],[-122.73078,48.04243],[-122.7176,48.02302],[-122.70018,48.00776],[-122.68151,48.00727],[-122.67321,48.02375],[-122.67711,48.04865],[-122.68688,48.07323],[-122.70116,48.0976]],[[-122.55801,47.69575],[-122.56188,47.68561],[-122.57893,47.66938],[-122.58047,47.66299],[-122.57925,47.64867],[-122.57462,47.63788],[-122.5677,47.62958],[-122.56957,47.61811],[-122.57787,47.60155],[-122.57055,47.5961],[-122.55761,47.59789],[-122.54235,47.59553],[-122.52086,47.57396],[-122.49877,47.57123],[-122.48864,47.58137],[-122.48038,47.58686],[-122.48864,47.58959],[-122.49328,47.59422],[-122.49511,47.60155],[-122.49694,47.60712],[-122.5006,47.61172],[-122.50015,47.61929],[-122.51098,47.62759],[-122.50329,47.63003],[-122.49804,47.63361],[-122.48986,47.64126],[-122.49962,47.64867],[-122.50585,47.66328],[-122.51098,47.69587],[-122.51684,47.70238],[-122.52652,47.7093],[-122.53771,47.71479],[-122.54792,47.71699],[-122.55777,47.71381],[-122.55895,47.70596],[-122.55801,47.69575]],[[-122.51049,47.3321],[-122.50341,47.33153],[-122.49657,47.33637],[-122.49218,47.34418],[-122.49022,47.35383],[-122.48974,47.37393],[-122.48542,47.37983],[-122.47525,47.38447],[-122.45564,47.39102],[-122.46304,47.39777],[-122.4464,47.40058],[-122.43985,47.39281],[-122.44225,47.38251],[-122.45222,47.37735],[-122.46638,47.3732],[-122.47378,47.36286],[-122.47472,47.34955],[-122.46923,47.33637],[-122.44953,47.34772],[-122.4178,47.37079],[-122.37434,47.38325],[-122.36681,47.38353],[-122.38736,47.39399],[-122.40616,47.40034],[-122.42243,47.40884],[-122.43513,47.42573],[-122.43806,47.43586],[-122.43912,47.45624],[-122.44131,47.46674],[-122.4486,47.47541],[-122.45763,47.48017],[-122.46207,47.48676],[-122.45564,47.50088],[-122.47102,47.49579],[-122.489,47.48265],[-122.50398,47.46747],[-122.51024,47.4558],[-122.51769,47.38044],[-122.52107,47.37442],[-122.52758,47.36644],[-122.53148,47.35692],[-122.52725,47.34626],[-122.5183,47.33731],[-122.51049,47.3321]],[[-122.71809,47.18061],[-122.72374,47.17206],[-122.7294,47.16218],[-122.7379,47.1579],[-122.74641,47.15371],[-122.74218,47.14374],[-122.7379,47.14232],[-122.72374,47.13239],[-122.71524,47.12816],[-122.70678,47.12397],[-122.70108,47.12397],[-122.68977,47.12958],[-122.67707,47.13955],[-122.67276,47.1551],[-122.67138,47.16498],[-122.67561,47.17634],[-122.68554,47.18061],[-122.70539,47.18195],[-122.71809,47.18061]],[[-122.87385,47.16787],[-122.85969,47.17772],[-122.8483,47.1933],[-122.8483,47.20746],[-122.8483,47.2202],[-122.85823,47.23151],[-122.86954,47.24287],[-122.86815,47.25556],[-122.86815,47.2683],[-122.86677,47.27827],[-122.85261,47.28535],[-122.84691,47.29804],[-122.85823,47.29243],[-122.86531,47.28954],[-122.88231,47.28388],[-122.89078,47.27827],[-122.90494,47.27827],[-122.91202,47.26972],[-122.91487,47.25556],[-122.92195,47.23721],[-122.92195,47.22871],[-122.91202,47.21882],[-122.89786,47.20889],[-122.89078,47.20038],[-122.88801,47.1933],[-122.88231,47.18061],[-122.87947,47.17206],[-122.87385,47.16787]]]}},{"type":"Feature","properties":{"region":"nv","kind":"ocean"},"geometry":{"type":"Polygon","coordinates":[[[-115.1,35.0],[-113.5,35.0],[-113.5,37.0],[-115.1,37.0],[-115.1,35.0]],[[-113.2,34.7],[-113.2,37.3],[-115.4,37.3],[-115.4,34.7]]]}},{"type":"Feature","properties":{"region":"nc","kind":"ocean"},"geometry":{"type":"Polygon","coordinates":[[[-81.7,34.4],[-80.0,34.4],[-80.0,36.6],[-81.7,36.6],[-81.7,34.4]],[[-79.7,34.1],[-79.7,36.9],[-82.0,36.9],[-82.0,34.1]]]}},{"type":"Feature","properties":{"region":"az","kind":"ocean"},"geometry":{"type":"Polygon","coordinates":[[[-113.6,32.7],[-111.0,32.7],[-111.0,34.7],[-113.6,34.7],[-113.6,32.7]],[[-110.7,32.4],[-110.7,35.0],[-113.9,35.0],[-113.9,32.4]]]}},{"type":"Feature","properties":{"name":"Lake Okeechobee","kind":"lake"},"geometry":{"type":"Polygon","coordinates":[[[-80.62839,27.01155],[-80.61853,26.9777],[-80.6147,26.93796],[-80.62044,26.89734],[-80.63604,26.86614],[-80.659,26.83994],[-80.68741,26.81404],[-80.69183,26.80079],[-80.69418,26.74898],[-80.70139,26.74692],[-80.70596,26.74339],[-80.71067,26.74074],[-80.71832,26.7428],[-80.72288,26.74751],[-80.72671,26.75516],[-80.73201,26.76959],[-80.73569,26.75251],[-80.72833,26.72484],[-80.72524,26.69894],[-80.74172,26.68775],[-80.75629,26.68981],[-80.78131,26.69923],[-80.81413,26.70336],[-80.82444,26.70895],[-80.84813,26.72867],[-80.8605,26.73515],[-80.88346,26.74309],[-80.89597,26.74898],[-80.931,26.77842],[-80.94101,26.79549],[-80.95101,26.82198],[-80.96559,26.84759],[-80.98531,26.85849],[-80.97868,26.87909],[-80.9884,26.88174],[-81.02004,26.87203],[-81.0377,26.87615],[-81.05684,26.88586],[-81.0692,26.89705],[-81.06729,26.90676],[-81.06729,26.91353],[-81.07406,26.92207],[-81.07788,26.94562],[-81.08775,26.95504],[-81.09466,26.95033],[-81.09908,26.95445],[-81.10129,26.96416],[-81.10202,26.97564],[-81.08598,26.97917],[-81.03299,27.00302],[-80.97648,27.04364],[-80.95793,27.05071],[-80.96397,27.06219],[-80.96029,27.06572],[-80.95204,27.0669],[-80.94115,27.0719],[-80.93144,27.07219],[-80.92717,27.07425],[-80.92452,27.07955],[-80.9232,27.09015],[-80.92011,27.09515],[-80.84504,27.17257],[-80.8184,27.19082],[-80.78853,27.19642],[-80.75188,27.18788],[-80.73392,27.16227],[-80.67917,27.1134],[-80.65694,27.07808],[-80.62839,27.01155]]]}},{"type":"Feature","properties":{"name":"Lake Kissimmee","kind":"lake"},"geometry":{"type":"Polygon","coordinates":[[[-81.20093,27.85255],[-81.19342,27.79986],[-81.18459,27.7769],[-81.20093,27.78397],[-81.21712,27.82341],[-81.23169,27.83842],[-81.25539,27.84519],[-81.27555,27.84784],[-81.29277,27.85432],[-81.30734,27.87316],[-81.31058,27.88287],[-81.31279,27.89465],[-81.31426,27.91731],[-81.31588,27.92291],[-81.32,27.92614],[-81.32559,27.92762],[-81.33854,27.9285],[-81.34002,27.93085],[-81.33972,27.93498],[-81.3409,27.94145],[-81.33737,27.95823],[-81.30469,27.97854],[-81.30734,27.98914],[-81.2938,27.99296],[-81.28026,27.9912],[-81.26657,27.98502],[-81.25274,27.9756],[-81.24597,27.96883],[-81.22742,27.95205],[-81.22404,27.92644],[-81.22389,27.89877],[-81.21491,27.8764],[-81.20093,27.85255]]]}},{"type":"Feature","properties":{"name":"Lake Apopka","kind":"lake"},"geometry":{"type":"Polygon","coordinates":[[[-81.57227,28.64263],[-81.56403,28.63144],[-81.56064,28.61672],[-81.57624,28.59082],[-81.61142,28.56992],[-81.6488,28.56256],[-81.67059,28.57904],[-81.65131,28.57993],[-81.65469,28.59376],[-81.68045,28.62349],[-81.68987,28.64174],[-81.68825,28.66176],[-81.67677,28.67707],[-81.6569,28.68207],[-81.64674,28.67824],[-81.63732,28.67942],[-81.62908,28.68148],[-81.62275,28.68207],[-81.61333,28.67766],[-81.6073,28.67324],[-81.59552,28.66147],[-81.57227,28.64263]]]}},{"type":"Feature","properties":{"name":"Lake Istokpoga","kind":"lake"},"geometry":{"type":"Polygon","coordinates":[[[-81.24302,27.40777],[-81.23257,27.39835],[-81.22551,27.38599],[-81.22727,27.3695],[-81.23699,27.35802],[-81.24773,27.34948],[-81.2623,27.32564],[-81.2835,27.30857],[-81.30469,27.30474],[-81.31426,27.328],[-81.31426,27.37598],[-81.31926,27.38481],[-81.33001,27.38657],[-81.33943,27.3907],[-81.3409,27.40659],[-81.32809,27.42366],[-81.30307,27.43779],[-81.27658,27.44486],[-81.25907,27.44103],[-81.25274,27.43426],[-81.25156,27.41778],[-81.24302,27.40777]]]}},{"type":"Feature","properties":{"name":"Lake Mohave","kind":"lake"},"geometry":{"type":"Polygon","coordinates":[[[-114.59948,35.41595],[-114.59389,35.39681],[-114.58903,35.35972],[-114.59095,35.35266],[-114.59786,35.35619],[-114.6117,35.36973],[-114.6273,35.3921],[-114.63554,35.40093],[-114.64202,35.40564],[-114.65468,35.4133],[-114.65939,35.41771],[-114.66616,35.42713],[-114.67101,35.43655],[-114.67278,35.44685],[-114.66792,35.47158],[-114.67175,35.48071],[-114.67734,35.48748],[-114.68058,35.49277],[-114.67881,35.51426],[-114.67219,35.52957],[-114.66439,35.54223],[-114.65939,35.5543],[-114.65821,35.57608],[-114.65939,35.59286],[-114.65703,35.60934],[-114.64511,35.63054],[-114.6457,35.61611],[-114.63598,35.55194],[-114.64378,35.54046],[-114.65438,35.53104],[-114.65939,35.51338],[-114.65438,35.49866],[-114.61847,35.45186],[-114.60758,35.4339],[-114.59948,35.41595]]]}},{"type":"Feature","properties":{"name":"Lake Mead","kind":"lake"},"geometry":{"type":"Polygon","coordinates":[[[-113.65104,35.87103],[-113.6375,35.85867],[-113.63161,35.84277],[-113.63559,35.8307],[-113.64692,35.83541],[-113.66237,35.84542],[-113.67871,35.84954],[-113.67871,35.85573],[-113.67356,35.85867],[-113.67091,35.86191],[-113.669,35.86603],[-113.66561,35.87015],[-113.68416,35.87721],[-113.69932,35.88045],[-113.70977,35.88811],[-113.71536,35.92431],[-113.72051,35.94109],[-113.72817,35.95404],[-113.73773,35.95964],[-113.75554,35.96376],[-113.76261,35.97465],[-113.76805,36.00673],[-113.77747,36.02587],[-113.78866,36.03646],[-113.80352,36.04294],[-113.85577,36.05678],[-113.87137,36.06325],[-113.878,36.07179],[-113.88344,36.08239],[-113.90861,36.11094],[-113.91582,36.11653],[-113.92083,36.12271],[-113.92613,36.12772],[-113.9326,36.13096],[-113.94276,36.12919],[-113.95129,36.1233],[-113.96086,36.11889],[-113.97425,36.1233],[-113.98058,36.13567],[-113.98058,36.15244],[-113.9825,36.16805],[-113.99471,36.17805],[-113.99515,36.1966],[-114.01753,36.19807],[-114.04402,36.19042],[-114.05682,36.18159],[-114.05756,36.1754],[-114.06315,36.1545],[-114.08346,36.11329],[-114.08626,36.09534],[-114.1023,36.0556],[-114.11599,36.03028],[-114.11614,36.02646],[-114.11893,36.02498],[-114.13189,36.02086],[-114.14307,36.01939],[-114.17957,36.02086],[-114.2071,36.01439],[-114.21755,36.0135],[-114.22741,36.01468],[-114.26744,36.02469],[-114.3194,36.04412],[-114.33043,36.05177],[-114.32778,36.08356],[-114.3294,36.09916],[-114.33735,36.11653],[-114.35575,36.13331],[-114.35781,36.13714],[-114.36591,36.13272],[-114.37209,36.12448],[-114.37636,36.11418],[-114.37886,36.10358],[-114.38313,36.10947],[-114.38901,36.11359],[-114.39667,36.11624],[-114.40623,36.11653],[-114.39637,36.10064],[-114.39372,36.08768],[-114.3999,36.07885],[-114.41609,36.07562],[-114.42905,36.07032],[-114.43744,36.0606],[-114.44627,36.05501],[-114.46084,36.06207],[-114.45142,36.07768],[-114.4601,36.08651],[-114.48821,36.09622],[-114.4966,36.10682],[-114.50749,36.13243],[-114.51603,36.1445],[-114.5306,36.15362],[-114.54355,36.15362],[-114.57064,36.1445],[-114.62907,36.13714],[-114.64467,36.12831],[-114.68352,36.09033],[-114.70413,36.0818],[-114.70707,36.04853],[-114.71723,36.02528],[-114.74137,36.0135],[-114.73239,36.0344],[-114.72709,36.04088],[-114.73989,36.0397],[-114.74976,36.03794],[-114.75888,36.03382],[-114.76933,36.02704],[-114.79774,36.04588],[-114.80686,36.04824],[-114.81628,36.05207],[-114.81349,36.06149],[-114.80642,36.07267],[-114.80348,36.0818],[-114.81275,36.09799],[-114.84454,36.12065],[-114.85867,36.13714],[-114.74387,36.13007],[-114.71399,36.13714],[-114.7212,36.15392],[-114.71473,36.1548],[-114.70192,36.14862],[-114.69015,36.1445],[-114.67513,36.14773],[-114.64511,36.1651],[-114.58712,36.1651],[-114.54458,36.17158],[-114.45701,36.17187],[-114.43346,36.22633],[-114.42007,36.2487],[-114.41462,36.26224],[-114.41241,36.27784],[-114.41668,36.29315],[-114.42507,36.30257],[-114.43052,36.31052],[-114.4261,36.32259],[-114.4314,36.35143],[-114.39593,36.39323],[-114.37047,36.43768],[-114.40623,36.4736],[-114.40579,36.48213],[-114.41094,36.4942],[-114.41212,36.50598],[-114.39932,36.51451],[-114.39107,36.50951],[-114.36149,36.47978],[-114.35266,36.48125],[-114.35119,36.48566],[-114.35236,36.49243],[-114.35089,36.50068],[-114.34604,36.5204],[-114.34412,36.52452],[-114.34236,36.55778],[-114.33735,36.58957],[-114.3322,36.57986],[-114.32425,36.56897],[-114.33029,36.52835],[-114.33102,36.50833],[-114.32425,36.49332],[-114.33632,36.47801],[-114.3322,36.46359],[-114.32234,36.44946],[-114.31675,36.43562],[-114.31851,36.41678],[-114.32411,36.4053],[-114.35089,36.37734],[-114.36399,36.35261],[-114.37268,36.31994],[-114.38121,36.23987],[-114.38577,36.2281],[-114.38842,36.21632],[-114.38519,36.19925],[-114.37606,36.18571],[-114.34972,36.16186],[-114.33676,36.14332],[-114.28952,36.10358],[-114.28863,36.10005],[-114.28952,36.08562],[-114.28775,36.07974],[-114.28378,36.07797],[-114.27892,36.07738],[-114.27524,36.07562],[-114.26803,36.07032],[-114.26038,36.06737],[-114.25331,36.06355],[-114.25537,36.06207],[-114.26155,36.05501],[-114.24139,36.04088],[-114.23212,36.03705],[-114.22064,36.0347],[-114.20445,36.03382],[-114.17913,36.03911],[-114.16265,36.04088],[-114.15131,36.045],[-114.14763,36.0553],[-114.14616,36.0818],[-114.14131,36.09328],[-114.12776,36.11683],[-114.1179,36.14685],[-114.10112,36.16657],[-114.06359,36.19925],[-114.02268,36.22309],[-114.02179,36.23781],[-114.01885,36.24988],[-114.01252,36.25959],[-114.00148,36.26754],[-113.9847,36.23634],[-113.98102,36.22633],[-113.98029,36.22074],[-113.98102,36.20249],[-113.97882,36.19424],[-113.97425,36.18924],[-113.9694,36.18541],[-113.96734,36.18159],[-113.96513,36.17246],[-113.9588,36.1601],[-113.94894,36.14921],[-113.93599,36.1445],[-113.91877,36.14244],[-113.91082,36.13684],[-113.90611,36.12801],[-113.89845,36.11653],[-113.88256,36.09916],[-113.8649,36.08356],[-113.84282,36.07238],[-113.81353,36.06796],[-113.79042,36.06178],[-113.76776,36.0453],[-113.75495,36.02322],[-113.76187,35.99996],[-113.7161,35.96376],[-113.70668,35.95257],[-113.69005,35.90606],[-113.67871,35.89017],[-113.65104,35.87103]]]}},{"type":"Feature","properties":{"name":"Lake Chelan","kind":"lake"},"geometry":{"type":"Polygon","coordinates":[[[-120.02653,47.87314],[-120.00121,47.85548],[-119.9812,47.83487],[-120.00887,47.85106],[-120.11631,47.86931],[-120.16002,47.88256],[-120.18239,47.89404],[-120.19211,47.9067],[-120.1924,47.95056],[-120.19638,47.96881],[-120.20565,47.98529],[-120.24406,48.01561],[-120.29558,48.0374],[-120.44585,48.07184],[-120.46322,48.07831],[-120.48088,48.09215],[-120.49383,48.10863],[-120.51444,48.1466],[-120.52621,48.16338],[-120.52989,48.16544],[-120.54152,48.16898],[-120.54549,48.17104],[-120.54947,48.17634],[-120.55108,48.18664],[-120.553,48.19076],[-120.56845,48.20666],[-120.5792,48.2146],[-120.61481,48.22343],[-120.6235,48.23756],[-120.62674,48.25787],[-120.63483,48.28083],[-120.64337,48.29143],[-120.6575,48.3035],[-120.66221,48.31439],[-120.66147,48.32352],[-120.65691,48.33088],[-120.65161,48.33411],[-120.64469,48.32646],[-120.62556,48.31057],[-120.62114,48.3038],[-120.61894,48.2929],[-120.59568,48.2514],[-120.5895,48.24492],[-120.57272,48.23226],[-120.53798,48.2149],[-120.52945,48.20842],[-120.45174,48.10245],[-120.41906,48.08332],[-120.28071,48.05329],[-120.22625,48.03386],[-120.17945,48.00619],[-120.15737,47.97175],[-120.15973,47.95144],[-120.16606,47.93819],[-120.16635,47.92642],[-120.15104,47.91023],[-120.13647,47.90199],[-120.11852,47.89551],[-120.09982,47.8911],[-120.08378,47.88962],[-120.05479,47.88521],[-120.02653,47.87314]]]}},{"type":"Feature","properties":{"name":"Millerton Lake","kind":"lake"},"geometry":{"type":"Polygon","coordinates":[[[-119.62325,37.04554],[-119.60824,37.05467],[-119.60088,37.06262],[-119.60088,37.04201],[-119.60382,37.03318],[-119.60824,37.02877],[-119.6206,37.02141],[-119.62237,37.02111],[-119.64798,37.00787],[-119.68212,36.99992],[-119.69802,37.00051],[-119.69272,37.0111],[-119.65857,37.0323],[-119.65165,37.03524],[-119.63973,37.03819],[-119.62325,37.04554]]]}},{"type":"Feature","properties":{"name":"Lake Murray","kind":"lake"},"geometry":{"type":"Polygon","coordinates":[[[-81.2286,34.06069],[-81.21388,34.05481],[-81.2127,34.04156],[-81.22021,34.02772],[-81.23169,34.01978],[-81.23949,34.02478],[-81.25112,34.03479],[-81.26348,34.03891],[-81.27334,34.02655],[-81.2888,34.03037],[-81.31293,34.02861],[-81.33693,34.0236],[-81.36077,34.01095],[-81.36357,34.01772],[-81.36268,34.03361],[-81.35768,34.0342],[-81.34914,34.04156],[-81.34635,34.04951],[-81.35886,34.05333],[-81.38137,34.05392],[-81.39182,34.05127],[-81.39609,34.04333],[-81.4008,34.03214],[-81.40978,34.04097],[-81.40978,34.05333],[-81.41199,34.05657],[-81.41493,34.06422],[-81.41729,34.06746],[-81.42244,34.06923],[-81.43539,34.06835],[-81.45364,34.07659],[-81.4769,34.06835],[-81.48558,34.07512],[-81.49632,34.07188],[-81.51634,34.07364],[-81.53827,34.07953],[-81.55446,34.08807],[-81.53812,34.0919],[-81.49971,34.08424],[-81.48219,34.0916],[-81.46571,34.09543],[-81.4401,34.0919],[-81.41581,34.08424],[-81.4036,34.07512],[-81.40934,34.08719],[-81.42156,34.10455],[-81.42406,34.11603],[-81.4192,34.11574],[-81.41626,34.11397],[-81.41375,34.11132],[-81.40978,34.10867],[-81.4036,34.10867],[-81.38976,34.10338],[-81.37269,34.08041],[-81.35886,34.07512],[-81.34899,34.07718],[-81.34885,34.08277],[-81.35267,34.09013],[-81.35518,34.09837],[-81.35297,34.10779],[-81.34811,34.11456],[-81.34311,34.11692],[-81.3409,34.11221],[-81.34002,34.10426],[-81.33751,34.09543],[-81.33354,34.08748],[-81.32795,34.0813],[-81.32412,34.08306],[-81.29807,34.08277],[-81.2938,34.0813],[-81.2835,34.09131],[-81.27732,34.11397],[-81.26643,34.12221],[-81.252,34.12163],[-81.23508,34.11309],[-81.22463,34.10014],[-81.2286,34.08483],[-81.25009,34.06864],[-81.24994,34.06305],[-81.2286,34.06069]]]}}]}